-- phpMyAdmin SQL Dump
-- version 4.1.14
-- http://www.phpmyadmin.net
--
-- Host: 127.0.0.1
-- Generation Time: Dec 19, 2018 at 10:42 PM
-- Server version: 5.6.17
-- PHP Version: 5.5.12

SET SQL_MODE = "NO_AUTO_VALUE_ON_ZERO";
SET time_zone = "+00:00";


/*!40101 SET @OLD_CHARACTER_SET_CLIENT=@@CHARACTER_SET_CLIENT */;
/*!40101 SET @OLD_CHARACTER_SET_RESULTS=@@CHARACTER_SET_RESULTS */;
/*!40101 SET @OLD_COLLATION_CONNECTION=@@COLLATION_CONNECTION */;
/*!40101 SET NAMES utf8 */;

--
-- Database: `autobusevi`
--

-- --------------------------------------------------------

--
-- Table structure for table `bikecompanies`
--

CREATE TABLE IF NOT EXISTS `bikecompanies` (
  `ID_Bike` int(11) NOT NULL AUTO_INCREMENT,
  `Bike_Name` varchar(50) NOT NULL,
  `Bike_Description` varchar(255) NOT NULL,
  `Address_Ln1` varchar(70) NOT NULL,
  `Address_Ln2` varchar(70) DEFAULT NULL,
  `Telephone_1` varchar(20) NOT NULL,
  `Telephone_2` varchar(20) DEFAULT NULL,
  `Logo_Image` varchar(70) DEFAULT NULL,
  PRIMARY KEY (`ID_Bike`)
) ENGINE=InnoD AUTO_INCREMENT=1 ;

-- --------------------------------------------------------

--
-- Table structure for table `buscomments`
--

CREATE TABLE IF NOT EXISTS `buscomments` (
  `ID_Comment` int(11) NOT NULL AUTO_INCREMENT,
  `ID_News` int(11) NOT NULL,
  `ID_User` int(11) NOT NULL,
  `Comment_Content` varchar(512),
  `Time_Posted` timestamp NOT NULL DEFAULT CURRENT_TIMESTAMP,
  `Show_Lines` varchar(100),
  `Show_Stops` varchar(100),
  PRIMARY KEY (`ID_Comment`)
) ENGINE=InnoDB AUTO_INCREMENT=45 ;

-- --------------------------------------------------------

--
-- Table structure for table `buslines`
--

CREATE TABLE IF NOT EXISTS `buslines` (
  `ID_Line` int(11) NOT NULL AUTO_INCREMENT,
  `Line_ShortName` varchar(10) NOT NULL,
  `Line_Name` varchar(255) NOT NULL,
  `Line_Direction` varchar(30) NOT NULL,
  `Line_Text` varchar(10) DEFAULT NULL,
  `Line_Side` int(11) NOT NULL,
  PRIMARY KEY (`ID_Line`)
) ENGINE=InnoDB AUTO_INCREMENT=4103 ;

--
-- Dumping data for table `buslines`
--

INSERT INTO `buslines` (`ID_Line`, `Line_ShortName`, `Line_Name`, `Line_Direction`, `Line_Text`, `Line_Side`) VALUES
(101, '1A', '1A Kelebija Opština - Novo Naselje', 'Novo Naselje', '', 1),
(102, '1A', '1A Novo Naselje - Kelebija Opština', 'Kelebija Opština', '', 0),
(103, '1A', '1A Kelebija Opština - Jadran', 'Jadran', 'do J', 1),
(104, '1A', '1A Jadran - Kelebija Opština', 'Kelebija Opština', 'od J', 0),
(105, '1A', '1A Mešc - Novo Naselje', 'Novo Naselje', 'od M', 1),
(106, '1A', '1A Novo Naselje - Mešc', 'Mešc', 'do M', 0),
(201, '2', '2 Široki Progon - Pa?irski Put', 'Pa?irski Put', '', 1),
(202, '2', '2 Pa?irski Put - Široki Progon', 'Široki Progon', '', 0),
(203, '2', '2 Široki Progon - Jadran', 'Jadran', 'do J', 1),
(204, '2', '2 Jadran - Široki Progon', 'Široki Progon', 'od J', 0),
(205, '2', '2 Mešc - Pa?irski Put', 'Pa?irski Put', 'od M', 1),
(206, '2', '2 Pa?irski Put - Mešc', 'Mešc', 'do M', 0),
(301, '3', '3 Makova Sedmica - Bajski Put', 'Bajski Put', '', 1),
(302, '3', '3 Bajski Put - Makova Sedmica', 'Makova Sedmica', '', 0),
(303, '3', '3 Bajski Put - Nova Opština', 'Nova Opština', 'do O', 0),
(304, '3', '3 Patrija - Bajski Put', 'Bajski Put', 'od P', 1),
(305, '3', '3 Makova Sedmica - Radio', 'Radio', 'do R', 1),
(306, '3', '3 Radio - Makova Sedmica', 'Makova Sedmica', 'od R', 0),
(307, '3', '3B Makova Sedmica - Lifka', 'Lifka', 'do L', 1),
(308, '3', '3B Lifka - Makova Sedmica', 'Makova Sedmica', 'od L', 0),
(401, '4', '4 Veliki Radanovac - Lifka', 'Lifka', '', 1),
(402, '4', '4 Lifka - Veliki Radanovac', 'Veliki Radanovac', '', 0),
(403, '4', '4 Veliki Radanovac - Suboticatrans', 'Suboticatrans', 'do G', 0),
(601, '6', '6 Mali Bajmok, Swarovski - Pali?, Vikend Naselje', 'Pali?, Vikend Naselje', '', 1),
(602, '6', '6 Pali?, Vikend Naselje - Mali Bajmok, Swarovski', 'Mali Bajmok, Swarovski', '', 0),
(603, '6', '6 Mali Bajmok, Swarovski - Suboticatrans', 'Suboticatrans', 'do G ', 1),
(604, '6', '6 Suboticatrans - Mali Bajmok, Swarovski', 'Mali Bajmok, Swarovski', 'od G', 0),
(605, '6', '6 Pali?, Vikend Naselje - Suboticatrans', 'Suboticatrans', 'do G', 0),
(606, '6', '6 Suboticatrans - Pali?, Vikend Naselje', 'Pali?, Vikend Naselje', 'od G', 1),
(641, '6A', '6A Calzedonia - Pali?, Vikend Naselje', 'Pali?, Vikend Naselje', 'a', 1),
(642, '6A', '6A Pali?, Vikend Naselje - Calzedonia', 'Calzedonia', 'a', 0),
(661, '6C', '6C Siemens - Jadran', 'Jadran', '', 0),
(662, '6C', '6C Jadran - Siemens', 'Siemens', '', 1),
(701, '7', '7 Lifka - Pali?, Centar', 'Pali?, Centar', '', 1),
(702, '7', '7 Pali?, Centar - Lifka', 'Lifka', '', 0),
(801, '8', '8 Aleksandrovo - Železni?ko Naselje', 'Železni?ko Naselje', '', 0),
(802, '8', '8 Železni?ko Naselje - Aleksandrovo', 'Aleksandrovo', '', 1),
(841, '8A', '8A Lifka - Železni?ko Naselje', 'Železni?ko Naselje', 'a', 0),
(842, '8A', '8A Železni?ko Naselje - Lifka', 'Lifka', 'a', 1),
(901, '9', '9 Široki Progon - ATB Sever', 'ATB Sever', '', 1),
(902, '9', '9 ATB Sever - Široki Progon', 'Široki Progon', '', 0),
(1001, '10', '10 Pali? Naselje - Lifka', 'Lifka', '', 1),
(1002, '10', '10 Lifka - Pali? Naselje', 'Pali? Naselje', '', 0),
(1601, '16', '16 Teslino Naselje - Aleksandrovo', 'Aleksandrovo', '', 1),
(1602, '16', '16 Aleksandrovo - Teslino Naselje', 'Teslino Naselje', '', 0),
(1901, '19', 'Subotica - Stari Žednik - Novi Žednik', 'Novi Žednik', NULL, 1),
(1902, '19', 'Novi Žednik - Stari Žednik - Subotica', 'Subotica', NULL, 0),
(1941, '19A', 'Subotica - Stari Žednik - ?erepeš', '?erepeš', 'a', 1),
(1942, '19A', '?erepeš - Stari Žednik - Subotica', 'Subotica', 'a', 0),
(2001, '20', 'Subotica - Bikovo', 'Bikovo', NULL, 1),
(2002, '20', 'Bikovo - Subotica', 'Subotica', NULL, 0),
(2201, '22', '22 Kelebija Drž. Granica - Subotica A.S.', 'Subotica A.S.', '', 1),
(2202, '22', '22 Subotica A.S. - Kelebija, Drž. Granica', 'Kelebija, Drž. Granica', '', 0),
(2211, '22', '22B Kelebija Drž. Granica - Bolnica', 'Bolnica', 'b', 1),
(2212, '22', '22B Bolnica - Kelebija, Drž. Granica', 'Kelebija, Drž. Granica', 'b', 0),
(2301, '23', 'Subotica - Žednik - ?antavir - Dušanovo', 'Dušanovo', NULL, 1),
(2302, '23', 'Dušanovo - ?antavir - Žednik - Subotica', 'Subotica', NULL, 0),
(2341, '23A', 'Subotica - Stari Žednik - ?antavir - Novi Žednik', 'Novi Žednik', 'a', 1),
(2342, '23A', 'Novi Žednik - ?antavir - Stari Žednik - Subotica', 'Subotica', 'a', 0),
(2501, '25', 'Subotica - Klisa - Dušanovo', 'Dušanovo', NULL, 1),
(2502, '25', 'DUŠANOVO - Klisa - SUBOTICA', 'Subotica', NULL, 0),
(2601, '26', 'SUBOTICA - BAJMOK RATA', 'Bajmok Rata', NULL, 1),
(2602, '26', 'BAJMOK RATA - SUBOTICA', 'Subotica', NULL, 0),
(2701, '27', 'SUBOTICA - Stari Žednik - ?antavir - TORNJOŠ', 'Tornjoš', NULL, 1),
(2702, '27', 'TORNJOŠ - ?antavir - Stari Žednik - SUBOTICA', 'Subotica', NULL, 0),
(2741, '27A', 'SUBOTICA - Klisa - Dušanovo - TORNJOŠ', 'Tornjoš', 'a', 1),
(2742, '27A', 'TORNJOŠ - Dušanovo - Klisa - SUBOTICA', 'Subotica', 'a', 0),
(2781, '27B', '?ANTAVIR - Dušanovo - TORNJOŠ', 'Tornjoš', 'od ?', 1),
(2801, '28', 'SUBOTICA - Ljutovo - Gornji Tavankut - KARAULA', 'Karaula', NULL, 1),
(2802, '28', 'KARAULA - Gornji Tavankut - Ljutovo - SUBOTICA', 'Subotica', NULL, 0),
(2841, '28A', 'SUBOTICA - Ljutovo - Sajc - GORNJI TAVANKUT', 'Gornji Tavankut', 'a', 1),
(2842, '28A', 'GORNJI TAVANKUT - Sajc - Ljutovo - SUBOTICA', 'Subotica', 'a', 0),
(2851, '28C', 'SUBOTICA - Sajc - Karaula - Gornji Tavankut - SUBOTICA', 'Subotica', 'c', 1),
(2852, '28C', 'SUBOTICA - Gornji Tavankut - Karaula - Sajc - SUBOTICA', 'Subotica', 'c', 0),
(2881, '28B', 'SUBOTICA - Ljutovo - GORNJI TAVANKUT', 'Gornji Tavankut', 'b', 1),
(2882, '28B', 'GORNJI TAVANKUT - Ljutovo - SUBOTICA', 'Subotica', 'b', 0),
(3001, '30', 'SUBOTICA - Stari Žednik - ?UR?IN', '?ur?in', NULL, 1),
(3002, '30', '?UR?IN - Stari Žednik - SUBOTICA', 'Subotica', NULL, 0),
(4101, '41', 'SUBOTICA - Pali? Centar - Šupljak - SUBOTICA', 'Subotica', NULL, 1),
(4102, '41', 'SUBOTICA - Šupljak - Pali? Centar - SUBOTICA', 'Subotica', NULL, 0);

-- --------------------------------------------------------

--
-- Table structure for table `busnews`
--

CREATE TABLE IF NOT EXISTS `busnews` (
  `ID_News` int(11) NOT NULL AUTO_INCREMENT,
  `News_Title` varchar(100) NOT NULL,
  `News_Short` varchar(250) NOT NULL,
  `News_Full` varchar(1200) NOT NULL,
  `Time_Posted` timestamp NULL DEFAULT CURRENT_TIMESTAMP,
  `Time_Expires` datetime NOT NULL,
  `Show_All` int(11) NOT NULL,
  `Show_Lines` varchar(100) NOT NULL,
  `Show_Stops` varchar(100) NOT NULL,
  PRIMARY KEY (`ID_News`)
) ENGINE=InnoDB AUTO_INCREMENT=2 ;

--
-- Dumping data for table `busnews`
--

INSERT INTO `busnews` (`ID_News`, `News_Title`, `News_Short`, `News_Full`, `Time_Posted`, `Time_Expires`, `Show_All`, `Show_Lines`, `Show_Stops`) VALUES
(1, 'Izmena reda vožnje za 01.01.2019.', 'Obaveštavamo vas da ?e prvi polasci na svim linijama biti otkazani.', 'Obaveštavamo vas da ?e prvi polasci na svim linijama biti otkazani. \r\n\r\nObaveštenje ne važi za linije: 7, 48, 75.', '2018-12-18 11:42:51', '2019-01-01 19:00:00', 1, '*', '*');

-- --------------------------------------------------------

--
-- Table structure for table `busroutes`
--

CREATE TABLE IF NOT EXISTS `busroutes` (
  `ID_Route` int(11) NOT NULL AUTO_INCREMENT,
  `ID_Line` int(11) NOT NULL,
  `Stop_No` int(11) NOT NULL,
  `ID_Stop` int(11) NOT NULL,
  `Stop_Name` varchar(50) DEFAULT NULL,
  `Dist_Minutes` int(11) NOT NULL,
  PRIMARY KEY (`ID_Route`)
) ENGINE=InnoDB AUTO_INCREMENT=827 ;

--
-- Dumping data for table `busroutes`
--

INSERT INTO `busroutes` (`ID_Route`, `ID_Line`, `Stop_No`, `ID_Stop`, `Stop_Name`, `Dist_Minutes`) VALUES
(1, 101, 1, 9101, 'Kelebija Opština', 0),
(2, 101, 2, 9102, 'Veliki Progon', 2),
(3, 101, 3, 9103, 'Zorka okretište', 3),
(4, 101, 4, 9104, 'Zorka', 4),
(5, 101, 5, 9105, 'Zorka Pruga', 5),
(6, 101, 6, 9106, 'O.Š. Se?enji Ištvan ', 6),
(7, 101, 7, 9107, 'Zdravstvena stanica', 7),
(8, 101, 8, 9108, 'Sadecki', 7),
(9, 101, 9, 9109, 'Preradovi?eva', 9),
(10, 101, 10, 9611, 'Lifka', 10),
(11, 101, 11, 9111, 'Sinagoga', 12),
(12, 101, 12, 9112, 'Arsenija ?arnojevi?a', 13),
(13, 101, 13, 9113, 'Higijenski zavod', 14),
(14, 101, 14, 9114, 'Jadran  ', 16),
(15, 101, 15, 9115, 'MEŠC', 18),
(16, 101, 16, 9116, 'Autobuska stanica', 19),
(17, 101, 17, 9117, 'Dinamotrans', 22),
(18, 101, 18, 9118, 'Sen?ansko groblje', 22),
(19, 101, 19, 9119, 'Bajnatska I', 23),
(20, 101, 20, 9120, 'Bajnatska II', 24),
(21, 101, 21, 9121, 'Bolnica I', 26),
(22, 101, 22, 9122, 'Pa?irski put', 28),
(23, 101, 23, 9123, 'Dušana Krnajskog ', 30),
(24, 101, 24, 9124, 'Novo Naselje, Pijaca', 32),
(25, 101, 25, 9125, 'Josipa Lihta', 34),
(26, 101, 26, 9126, 'Josipa Šok?i?a', 35),
(27, 101, 27, 9127, 'Petra Horvatskog', 36),
(28, 101, 28, 9128, 'Novo Naselje okretište', 38),
(29, 103, 1, 9101, 'Kelebija Opština', 0),
(30, 103, 2, 9102, 'Veliki Progon', 1),
(31, 103, 3, 9103, 'Zorka okretište', 2),
(32, 103, 4, 9104, 'Zorka', 3),
(33, 103, 5, 9105, 'Zorka Pruga', 4),
(34, 103, 6, 9106, 'O.Š. Se?enji Ištvan ', 5),
(35, 103, 7, 9107, 'Zdravstvena stanica', 6),
(36, 103, 8, 9108, 'Sadecki', 7),
(37, 103, 9, 9109, 'Preradovi?eva', 8),
(38, 103, 10, 9611, 'Lifka', 9),
(39, 103, 11, 9111, 'Sinagoga', 10),
(40, 103, 12, 9112, 'Arsenija ?arnojevi?a', 12),
(41, 103, 13, 9113, 'Higijenski zavod', 13),
(42, 103, 14, 9114, 'Jadran  ', 13),
(43, 105, 15, 9115, 'MEŠC', 0),
(44, 105, 16, 9116, 'Autobuska stanica', 1),
(45, 105, 17, 9117, 'Dinamotrans', 2),
(46, 105, 18, 9118, 'Sen?ansko groblje', 3),
(47, 105, 19, 9119, 'Bajnatska I', 5),
(48, 105, 20, 9120, 'Bajnatska II', 5),
(49, 105, 21, 9121, 'Bolnica I', 7),
(50, 105, 22, 9122, 'Pa?irski put', 9),
(51, 105, 23, 9123, 'Dušana Krnajskog ', 10),
(52, 105, 24, 9124, 'Novo Naselje, Pijaca', 11),
(53, 105, 25, 9125, 'Josipa Lihta', 12),
(54, 105, 26, 9126, 'Josipa Šok?i?a', 13),
(55, 105, 27, 9127, 'Petra Horvatskog', 14),
(56, 105, 28, 9128, 'Novo Naselje okretište', 15),
(57, 102, 1, 9128, 'Novo Naselje okretište', 0),
(58, 102, 2, 9127, 'Petra Horvatskog', 1),
(59, 102, 3, 9126, 'Josipa Šok?i?a', 3),
(60, 102, 4, 9125, 'Josipa Lihta', 3),
(61, 102, 5, 9124, 'Novo Naselje, Pijaca', 5),
(62, 102, 6, 9123, 'Dušana Krnajskog ', 7),
(63, 102, 7, 9122, 'Pa?irski put', 8),
(64, 102, 8, 9121, 'Bolnica I', 10),
(65, 102, 9, 9120, 'Bajnatska II', 12),
(66, 102, 10, 9119, 'Bajnatska I', 13),
(67, 102, 11, 9118, 'Sen?ansko groblje', 15),
(68, 102, 12, 9117, 'Dinamotrans', 16),
(69, 102, 13, 9116, 'Autobuska stanica', 17),
(70, 102, 14, 9115, 'MEŠC', 18),
(71, 102, 15, 9114, 'Jadran  ', 19),
(72, 102, 16, 9113, 'Higijenski zavod', 20),
(73, 102, 17, 9112, 'Arsenija ?arnojevi?a', 21),
(74, 102, 18, 9111, 'Sinagoga', 23),
(75, 102, 19, 9611, 'Lifka', 24),
(76, 102, 20, 9109, 'Preradovi?eva', 26),
(77, 102, 21, 9108, 'Sadecki', 27),
(78, 102, 22, 9107, 'Zdravstvena stanica', 28),
(79, 102, 23, 9106, 'O.Š. Se?enji Ištvan ', 29),
(80, 102, 24, 9105, 'Zorka Pruga', 31),
(81, 102, 25, 9104, 'Zorka', 32),
(82, 102, 26, 9103, 'Zorka okretište', 34),
(83, 102, 27, 9102, 'Veliki Progon', 36),
(84, 102, 28, 9101, 'Kelebija Opština', 38),
(85, 106, 1, 9128, 'Novo Naselje okretište', 0),
(86, 106, 2, 9127, 'Petra Horvatskog', 1),
(87, 106, 3, 9126, 'Josipa Šok?i?a', 2),
(88, 106, 4, 9125, 'Josipa Lihta', 3),
(89, 106, 5, 9124, 'Novo Naselje, Pijaca', 4),
(90, 106, 6, 9123, 'Dušana Krnajskog ', 5),
(91, 106, 7, 9122, 'Pa?irski put', 6),
(92, 106, 8, 9121, 'Bolnica I', 7),
(93, 106, 9, 9120, 'Bajnatska II', 9),
(94, 106, 10, 9119, 'Bajnatska I', 9),
(95, 106, 11, 9118, 'Sen?ansko groblje', 11),
(96, 106, 12, 9117, 'Dinamotrans', 12),
(97, 106, 13, 9116, 'Autobuska stanica', 13),
(98, 106, 14, 9115, 'MEŠC', 13),
(99, 104, 15, 9114, 'Jadran  ', 0),
(100, 104, 16, 9113, 'Higijenski zavod', 1),
(101, 104, 17, 9112, 'Arsenija ?arnojevi?a', 2),
(102, 104, 18, 9111, 'Sinagoga', 3),
(103, 104, 19, 9611, 'Lifka', 4),
(104, 104, 20, 9109, 'Preradovi?eva', 6),
(105, 104, 21, 9108, 'Sadecki', 7),
(106, 104, 22, 9107, 'Zdravstvena stanica', 8),
(107, 104, 23, 9106, 'O.Š. Se?enji Ištvan ', 9),
(108, 104, 24, 9105, 'Zorka Pruga', 10),
(109, 104, 25, 9104, 'Zorka', 10),
(110, 104, 26, 9103, 'Zorka okretište', 11),
(111, 104, 27, 9102, 'Veliki Progon', 12),
(112, 104, 28, 9101, 'Kelebija Opština', 13),
(113, 201, 1, 9201, 'Široki progon', 0),
(114, 201, 2, 9202, 'Ganjo šor', 1),
(115, 201, 3, 9203, 'Dr Ferenca Bodrogvarija', 3),
(116, 201, 4, 9204, 'Prodavnica Farex', 3),
(117, 201, 5, 9205, 'Zorkina', 5),
(118, 201, 6, 9206, 'Padejska', 5),
(119, 201, 7, 9207, 'Drvara Subotica', 7),
(120, 201, 8, 9208, 'Somborska', 8),
(121, 201, 9, 9209, 'Bazeni', 8),
(122, 201, 10, 9210, 'Dudova šuma- Groblje', 9),
(123, 201, 11, 9211, 'Hala sportova', 10),
(124, 201, 12, 9212, 'Samoposluga br.23', 12),
(125, 201, 13, 9112, 'Arsenija ?arnojevi?a', 13),
(126, 201, 14, 9113, 'Higijenski zavod', 14),
(127, 201, 15, 9114, 'Jadran  ', 15),
(128, 201, 16, 9115, 'MEŠC', 17),
(129, 201, 17, 9116, 'Autobuska stanica', 18),
(130, 201, 18, 9117, 'Dinamotrans', 19),
(131, 201, 19, 9118, 'Sen?ansko groblje', 20),
(132, 201, 20, 9119, 'Bajnatska I', 22),
(133, 201, 21, 9120, 'Bajnatska II', 23),
(134, 201, 22, 9121, 'Bolnica I', 25),
(135, 201, 23, 9223, 'Pa?irski put EV-PRO', 27),
(136, 202, 1, 9223, 'Pa?irski put EV-PRO', 0),
(137, 202, 2, 9121, 'Bolnica I', 2),
(138, 202, 3, 9120, 'Bajnatska II', 4),
(139, 202, 4, 9119, 'Bajnatska I', 5),
(140, 202, 5, 9118, 'Sen?ansko groblje', 7),
(141, 202, 6, 9117, 'Dinamotrans', 8),
(142, 202, 7, 9116, 'Autobuska stanica', 8),
(143, 202, 8, 9115, 'MEŠC', 9),
(144, 202, 9, 9114, 'Jadran  ', 11),
(145, 202, 10, 9113, 'Higijenski zavod', 12),
(146, 202, 11, 9112, 'Arsenija ?arnojevi?a', 13),
(147, 202, 12, 9212, 'Samoposluga br.23', 14),
(148, 202, 13, 9211, 'Hala sportova', 15),
(149, 202, 14, 9210, 'Dudova šuma- Groblje', 16),
(150, 202, 15, 9209, 'Bazeni', 18),
(151, 202, 16, 9208, 'Somborska', 19),
(152, 202, 17, 9207, 'Drvara Subotica', 20),
(153, 202, 18, 9206, 'Padejska', 20),
(154, 202, 19, 9205, 'Zorkina', 23),
(155, 202, 20, 9204, 'Prodavnica Farex', 25),
(156, 202, 21, 9203, 'Dr Ferenca Bodrogvarija', 26),
(157, 202, 22, 9202, 'Ganjo šor', 27),
(158, 202, 23, 9201, 'Široki progon', 28),
(159, 203, 1, 9201, 'Široki progon', 0),
(160, 203, 2, 9202, 'Ganjo šor', 1),
(161, 203, 3, 9203, 'Dr Ferenca Bodrogvarija', 2),
(162, 203, 4, 9204, 'Prodavnica Farex', 2),
(163, 203, 5, 9205, 'Zorkina', 3),
(164, 203, 6, 9206, 'Padejska', 4),
(165, 203, 7, 9207, 'Drvara Subotica', 5),
(166, 203, 8, 9208, 'Somborska', 6),
(167, 203, 9, 9209, 'Bazeni', 6),
(168, 203, 10, 9210, 'Dudova šuma- Groblje', 6),
(169, 203, 11, 9211, 'Hala sportova', 7),
(170, 203, 12, 9212, 'Samoposluga br.23', 8),
(171, 203, 13, 9112, 'Arsenija ?arnojevi?a', 9),
(172, 203, 14, 9113, 'Higijenski zavod', 10),
(173, 203, 15, 9114, 'Jadran  ', 11),
(174, 205, 1, 9115, 'MEŠC', 0),
(175, 205, 2, 9116, 'Autobuska stanica', 1),
(176, 205, 3, 9117, 'Dinamotrans', 3),
(177, 205, 4, 9118, 'Sen?ansko groblje', 4),
(178, 205, 5, 9119, 'Bajnatska I', 5),
(179, 205, 6, 9120, 'Bajnatska II', 5),
(180, 205, 7, 9121, 'Bolnica I', 7),
(181, 205, 8, 9223, 'Pa?irski put EV-PRO', 8),
(182, 206, 1, 9223, 'Pa?irski put EV-PRO', 0),
(183, 206, 2, 9121, 'Bolnica I', 1),
(184, 206, 3, 9120, 'Bajnatska II', 2),
(185, 206, 4, 9119, 'Bajnatska I', 3),
(186, 206, 5, 9118, 'Sen?ansko groblje', 4),
(187, 206, 6, 9117, 'Dinamotrans', 5),
(188, 206, 7, 9116, 'Autobuska stanica', 7),
(189, 206, 8, 9115, 'MEŠC', 8),
(190, 204, 1, 9114, 'Jadran  ', 0),
(191, 204, 2, 9113, 'Higijenski zavod', 1),
(192, 204, 3, 9112, 'Arsenija ?arnojevi?a', 2),
(193, 204, 4, 9212, 'Samoposluga br.23', 3),
(194, 204, 5, 9211, 'Hala sportova', 3),
(195, 204, 6, 9210, 'Dudova šuma- Groblje', 5),
(196, 204, 7, 9209, 'Bazeni', 6),
(197, 204, 8, 9208, 'Somborska', 6),
(198, 204, 9, 9207, 'Drvara Subotica', 7),
(199, 204, 10, 9206, 'Padejska', 8),
(200, 204, 11, 9205, 'Zorkina', 9),
(201, 204, 12, 9204, 'Prodavnica Farex', 10),
(202, 204, 13, 9203, 'Dr Ferenca Bodrogvarija', 11),
(203, 204, 14, 9202, 'Ganjo šor', 11),
(204, 204, 15, 9201, 'Široki progon', 12),
(205, 301, 1, 9301, 'Makova sedmica', 0),
(206, 301, 2, 9302, 'Slovinov put', 2),
(207, 301, 3, 9303, 'MZ Grani?ar', 2),
(208, 301, 4, 9304, 'Oficirski stanovi', 4),
(209, 301, 5, 9305, 'Krivina I', 6),
(210, 301, 6, 9306, 'Krivina II', 7),
(211, 301, 7, 9307, 'Kolar', 9),
(212, 301, 8, 9308, 'O.Š. Majšanski put', 10),
(213, 301, 9, 9309, 'Skrob', 12),
(214, 301, 10, 9310, 'Željezni?ar', 13),
(215, 301, 11, 9311, 'Radio Subotica', 14),
(216, 301, 12, 9312, 'Patrija ', 16),
(217, 301, 13, 9612, 'Pošta I', 18),
(218, 301, 14, 9314, 'Matije Gubca ', 19),
(219, 301, 15, 9611, 'Lifka', 20),
(220, 301, 16, 9109, 'Preradovi?eva', 22),
(221, 301, 17, 9108, 'Sadecki ', 23),
(222, 301, 18, 9318, 'O.Š. ?uro Salaj', 25),
(223, 301, 19, 9319, 'Drvara R', 26),
(224, 301, 20, 9320, 'Bajski put, Dom', 27),
(225, 301, 21, 9321, 'Jasenova?ka', 27),
(226, 301, 22, 9322, 'Bunar', 29),
(227, 301, 23, 9323, 'Bajski put', 29),
(228, 302, 1, 9323, 'Bajski put', 0),
(229, 302, 2, 9322, 'Bunar', 1),
(230, 302, 3, 9321, 'Jasenova?ka', 2),
(231, 302, 4, 9320, 'Bajski put, Dom', 2),
(232, 302, 5, 9319, 'Drvara R', 4),
(233, 302, 6, 9318, 'O.Š. ?uro Salaj', 6),
(234, 302, 7, 9108, 'Sadecki ', 7),
(235, 302, 8, 9109, 'Preradovi?eva', 8),
(236, 302, 9, 9611, 'Lifka', 9),
(237, 302, 10, 9612, 'Pošta I', 11),
(238, 302, 11, 9613, 'Nova opština', 12),
(239, 302, 12, 9311, 'Radio Subotica', 15),
(240, 302, 13, 9310, 'Željezni?ar', 16),
(241, 302, 14, 9309, 'Skrob', 18),
(242, 302, 15, 9308, 'O.Š. Majšanski put', 19),
(243, 302, 16, 9307, 'Kolar', 20),
(244, 302, 17, 9306, 'Krivina II', 22),
(245, 302, 18, 9305, 'Krivina I', 24),
(246, 302, 19, 9304, 'Oficirski stanovi', 25),
(247, 302, 20, 9303, 'MZ Grani?ar', 26),
(248, 302, 21, 9302, 'Slovinov put', 28),
(249, 302, 22, 9301, 'Makova sedmica', 29),
(250, 305, 1, 9301, 'Makova sedmica', 0),
(251, 305, 2, 9302, 'Slovinov put', 1),
(252, 305, 3, 9303, 'MZ Grani?ar', 2),
(253, 305, 4, 9304, 'Oficirski stanovi', 3),
(254, 305, 5, 9305, 'Krivina I', 4),
(255, 305, 6, 9306, 'Krivina II', 5),
(256, 305, 7, 9307, 'Kolar', 6),
(257, 305, 8, 9308, 'O.Š. Majšanski put', 7),
(258, 305, 9, 9309, 'Skrob', 8),
(259, 305, 10, 9310, 'Željezni?ar', 9),
(260, 305, 11, 9311, 'Radio Subotica', 10),
(261, 304, 1, 9312, 'Patrija ', 0),
(262, 304, 2, 9612, 'Pošta I', 1),
(263, 304, 3, 9314, 'Matije Gubca ', 2),
(264, 304, 4, 9611, 'Lifka', 2),
(265, 304, 5, 9109, 'Preradovi?eva', 4),
(266, 304, 6, 9108, 'Sadecki ', 4),
(267, 304, 7, 9318, 'O.Š. ?uro Salaj', 5),
(268, 304, 8, 9319, 'Drvara R', 6),
(269, 304, 9, 9320, 'Bajski put, Dom', 7),
(270, 304, 10, 9321, 'Jasenova?ka', 7),
(271, 304, 11, 9322, 'Bunar', 9),
(272, 304, 12, 9323, 'Bajski put', 10),
(273, 303, 1, 9323, 'Bajski put', 0),
(274, 303, 2, 9322, 'Bunar', 1),
(275, 303, 3, 9321, 'Jasenova?ka', 2),
(276, 303, 4, 9320, 'Bajski put, Dom', 2),
(277, 303, 5, 9319, 'Drvara R', 3),
(278, 303, 6, 9318, 'O.Š. ?uro Salaj', 4),
(279, 303, 7, 9108, 'Sadecki ', 5),
(280, 303, 8, 9109, 'Preradovi?eva', 6),
(281, 303, 9, 9611, 'Lifka', 6),
(282, 303, 10, 9612, 'Pošta I', 8),
(283, 303, 11, 9613, 'Nova opština', 10),
(284, 306, 1, 9311, 'Radio Subotica', 0),
(285, 306, 2, 9310, 'Željezni?ar', 1),
(286, 306, 3, 9309, 'Skrob', 2),
(287, 306, 4, 9308, 'O.Š. Majšanski put', 3),
(288, 306, 5, 9307, 'Kolar', 4),
(289, 306, 6, 9306, 'Krivina II', 5),
(290, 306, 7, 9305, 'Krivina I', 6),
(291, 306, 8, 9304, 'Oficirski stanovi', 8),
(292, 306, 9, 9303, 'MZ Grani?ar', 8),
(293, 306, 10, 9302, 'Slovinov put', 10),
(294, 306, 11, 9301, 'Makova sedmica', 10),
(295, 307, 1, 9301, 'Makova sedmica', 0),
(296, 307, 2, 9302, 'Slovinov put', 2),
(297, 307, 3, 9303, 'MZ Grani?ar', 2),
(298, 307, 4, 9304, 'Oficirski stanovi', 4),
(299, 307, 5, 9305, 'Krivina I', 5),
(300, 307, 6, 9306, 'Krivina II', 6),
(301, 307, 7, 9307, 'Kolar', 8),
(302, 307, 8, 9308, 'O.Š. Majšanski put', 9),
(303, 307, 9, 9309, 'Skrob', 11),
(304, 307, 10, 9310, 'Željezni?ar', 12),
(305, 307, 11, 9311, 'Radio Subotica', 13),
(306, 307, 12, 9312, 'Patrija ', 15),
(307, 307, 13, 9612, 'Pošta I', 16),
(308, 307, 14, 9314, 'Matije Gubca ', 18),
(309, 307, 15, 9611, 'Lifka', 18),
(310, 308, 1, 9611, 'Lifka', 0),
(311, 308, 2, 9612, 'Pošta I', 1),
(312, 308, 3, 9613, 'Nova opština', 3),
(313, 308, 4, 9311, 'Radio Subotica', 5),
(314, 308, 5, 9310, 'Željezni?ar', 5),
(315, 308, 6, 9309, 'Skrob', 7),
(316, 308, 7, 9308, 'O.Š. Majšanski put', 8),
(317, 308, 8, 9307, 'Kolar', 9),
(318, 308, 9, 9306, 'Krivina II', 10),
(319, 308, 10, 9305, 'Krivina I', 11),
(320, 308, 11, 9304, 'Oficirski stanovi', 13),
(321, 308, 12, 9303, 'MZ Grani?ar', 14),
(322, 308, 13, 9302, 'Slovinov put', 15),
(323, 308, 14, 9301, 'Makova sedmica', 16),
(324, 401, 1, 9401, 'Veliki Radanovac Okretište', 0),
(325, 401, 2, 9402, 'Rasadnik', 1),
(326, 401, 3, 9403, 'Kestenova', 1),
(327, 401, 4, 9404, 'Peš?arin vo?njak', 2),
(328, 401, 5, 9405, 'Vrtna stanica', 2),
(329, 401, 6, 9406, 'Beli Golub', 3),
(330, 401, 7, 9407, 'Palmina', 3),
(331, 401, 8, 9408, 'Veliki Radanovac MZ', 4),
(332, 401, 9, 9409, 'Trgopromet', 4),
(333, 401, 10, 9621, 'Radanovac', 5),
(334, 401, 11, 9620, 'II Kasarna', 7),
(335, 401, 12, 9619, 'Roda', 9),
(336, 401, 13, 9618, 'Aurometal', 9),
(337, 401, 14, 9617, 'Subotica-trans', 10),
(338, 401, 15, 9504, 'SUT', 12),
(339, 401, 16, 9616, 'Partizan', 13),
(340, 401, 17, 9615, 'SUP', 14),
(341, 401, 18, 9614, 'Teretna stanica', 15),
(342, 401, 19, 9312, 'Patrija ', 15),
(343, 401, 20, 9612, 'Pošta I', 16),
(344, 401, 21, 9510, 'Politehni?ka škola', 17),
(345, 401, 22, 9511, 'Vatrogasci', 17),
(346, 401, 23, 9611, 'Lifka', 18),
(347, 402, 1, 9611, 'Lifka', 0),
(348, 402, 2, 9612, 'Pošta I', 1),
(349, 402, 3, 9613, 'Nova opština', 3),
(350, 402, 4, 9614, 'Teretna stanica', 4),
(351, 402, 5, 9615, 'SUP', 5),
(352, 402, 6, 9616, 'Partizan', 5),
(353, 402, 7, 9617, 'Subotica-trans', 7),
(354, 402, 8, 9618, 'Aurometal', 8),
(355, 402, 9, 9619, 'Roda', 8),
(356, 402, 10, 9620, 'II Kasarna', 10),
(357, 402, 11, 9621, 'Radanovac', 12),
(358, 402, 12, 9409, 'Trgopromet', 12),
(359, 402, 13, 9408, 'Veliki Radanovac MZ', 13),
(360, 402, 14, 9407, 'Palmina', 14),
(361, 402, 15, 9406, 'Beli Golub', 14),
(362, 402, 16, 9405, 'Vrtna stanica', 15),
(363, 402, 17, 9404, 'Peš?arin vo?njak', 16),
(364, 402, 18, 9403, 'Kestenova', 16),
(365, 402, 19, 9402, 'Rasadnik', 17),
(366, 402, 20, 9401, 'Veliki Radanovac Okretište', 17),
(367, 601, 1, 9601, 'Mali Bajmok, Swarovski', 0),
(368, 601, 2, 9602, 'Calzedonia', 2),
(369, 601, 3, 9603, 'Dunkermotoren', 3),
(370, 601, 4, 9604, 'Batinska ', 4),
(371, 601, 5, 9605, 'Mali Bajmok', 5),
(372, 601, 6, 9606, 'Mali Bajmok, Dom', 6),
(373, 601, 7, 9607, 'Slavica', 6),
(374, 601, 8, 9608, 'Gajeva', 7),
(375, 601, 9, 9609, 'Drvena ambulanta', 8),
(376, 601, 10, 9610, 'Sarvaš', 9),
(377, 601, 11, 9611, 'Lifka', 10),
(378, 601, 12, 9612, 'Pošta I', 11),
(379, 601, 13, 9613, 'Nova opština', 13),
(380, 601, 14, 9614, 'Teretna stanica', 15),
(381, 601, 15, 9615, 'SUP', 16),
(382, 601, 16, 9616, 'Partizan', 17),
(383, 601, 17, 9617, 'Subotica-trans', 19),
(384, 601, 18, 9618, 'Aurometal', 20),
(385, 601, 19, 9619, 'Roda', 21),
(386, 601, 20, 9620, 'II Kasarna', 22),
(387, 601, 21, 9621, 'Radanovac', 24),
(388, 601, 22, 9622, 'Pali?, Benzinska pumpa', 25),
(389, 601, 23, 9623, 'ZOO vrt', 26),
(390, 601, 24, 9624, 'Pali?, Toranj ', 28),
(391, 601, 25, 9625, 'Pali?, Centar', 30),
(392, 601, 26, 9626, 'Pali?, Lovranska', 33),
(393, 601, 27, 9627, 'Pali?, Štrand', 35),
(394, 601, 28, 9628, 'Pali?, Vikend naselje', 37),
(395, 602, 1, 9628, 'Pali?, Vikend naselje', 0),
(396, 602, 2, 9627, 'Pali?, Štrand', 2),
(397, 602, 3, 9626, 'Pali?, Lovranska', 3),
(398, 602, 4, 9625, 'Pali?, Centar', 4),
(399, 602, 5, 9623, 'ZOO vrt', 6),
(400, 602, 6, 9622, 'Pali?, Benzinska pumpa', 7),
(401, 602, 7, 9621, 'Radanovac', 8),
(402, 602, 8, 9620, 'II Kasarna', 9),
(403, 602, 9, 9619, 'Roda', 11),
(404, 602, 10, 9618, 'Aurometal', 11),
(405, 602, 11, 9617, 'Subotica-trans', 13),
(406, 602, 12, 9504, 'SUT', 15),
(407, 602, 13, 9616, 'Partizan', 16),
(408, 602, 14, 9615, 'SUP', 17),
(409, 602, 15, 9614, 'Teretna stanica', 18),
(410, 602, 16, 9312, 'Patrija', 20),
(411, 602, 17, 9612, 'Pošta I', 22),
(412, 602, 18, 9314, 'Matije Gubca', 23),
(413, 602, 19, 9611, 'Lifka', 23),
(414, 602, 20, 9610, 'Sarvaš', 25),
(415, 602, 21, 9609, 'Drvena ambulanta', 26),
(416, 602, 22, 9608, 'Gajeva', 28),
(417, 602, 23, 9607, 'Slavica', 29),
(418, 602, 24, 9606, 'Mali Bajmok, Dom', 30),
(419, 602, 25, 9605, 'Mali Bajmok', 30),
(420, 602, 26, 9604, 'Batinska ', 32),
(421, 602, 27, 9603, 'Dunkermotoren', 33),
(422, 602, 28, 9602, 'Calzedonia', 35),
(423, 602, 29, 9601, 'Mali Bajmok, Swarovski', 37),
(424, 603, 1, 9601, 'Mali Bajmok, Swarovski', 0),
(425, 603, 2, 9602, 'Calzedonia', 1),
(426, 603, 3, 9603, 'Dunkermotoren', 1),
(427, 603, 4, 9604, 'Batinska ', 2),
(428, 603, 5, 9605, 'Mali Bajmok', 3),
(429, 603, 6, 9606, 'Mali Bajmok, Dom', 4),
(430, 603, 7, 9607, 'Slavica', 5),
(431, 603, 8, 9608, 'Gajeva', 5),
(432, 603, 9, 9609, 'Drvena ambulanta', 6),
(433, 603, 10, 9610, 'Sarvaš', 6),
(434, 603, 11, 9611, 'Lifka', 7),
(435, 603, 12, 9612, 'Pošta I', 8),
(436, 603, 13, 9613, 'Nova opština', 9),
(437, 603, 14, 9614, 'Teretna stanica', 10),
(438, 603, 15, 9615, 'SUP', 11),
(439, 603, 16, 9616, 'Partizan', 12),
(440, 603, 17, 9617, 'Subotica-trans', 13),
(441, 606, 1, 9617, 'Subotica-trans', 0),
(442, 606, 2, 9618, 'Aurometal', 1),
(443, 606, 3, 9619, 'Roda', 1),
(444, 606, 4, 9620, 'II Kasarna', 3),
(445, 606, 5, 9621, 'Radanovac', 5),
(446, 606, 6, 9622, 'Pali?, Benzinska pumpa', 6),
(447, 606, 7, 9623, 'ZOO vrt', 7),
(448, 606, 8, 9624, 'Pali?, Toranj ', 7),
(449, 606, 9, 9625, 'Pali?, Centar', 8),
(450, 606, 10, 9626, 'Pali?, Lovranska', 9),
(451, 606, 11, 9627, 'Pali?, Štrand', 11),
(452, 606, 12, 9628, 'Pali?, Vikend naselje', 12),
(453, 605, 1, 9628, 'Pali?, Vikend naselje', 0),
(454, 605, 2, 9627, 'Pali?, Štrand', 1),
(455, 605, 3, 9626, 'Pali?, Lovranska', 2),
(456, 605, 4, 9625, 'Pali?, Centar', 3),
(457, 605, 5, 9623, 'ZOO vrt', 4),
(458, 605, 6, 9622, 'Pali?, Benzinska pumpa', 4),
(459, 605, 7, 9621, 'Radanovac', 5),
(460, 605, 8, 9620, 'II Kasarna', 6),
(461, 605, 9, 9619, 'Roda', 9),
(462, 605, 10, 9618, 'Aurometal', 9),
(463, 605, 11, 9617, 'Subotica-trans', 10),
(464, 604, 1, 9617, 'Subotica-trans', 0),
(465, 604, 2, 9504, 'SUT', 1),
(466, 604, 3, 9616, 'Partizan', 2),
(467, 604, 4, 9615, 'SUP', 3),
(468, 604, 5, 9614, 'Teretna stanica', 4),
(469, 604, 6, 9312, 'Patrija', 5),
(470, 604, 7, 9612, 'Pošta I', 6),
(471, 604, 8, 9314, 'Matije Gubca', 7),
(472, 604, 9, 9611, 'Lifka', 7),
(473, 604, 10, 9610, 'Sarvaš', 9),
(474, 604, 11, 9609, 'Drvena ambulanta', 10),
(475, 604, 12, 9608, 'Gajeva', 11),
(476, 604, 13, 9607, 'Slavica', 11),
(477, 604, 14, 9606, 'Mali Bajmok, Dom', 12),
(478, 604, 15, 9605, 'Mali Bajmok', 13),
(479, 604, 16, 9604, 'Batinska ', 13),
(480, 604, 17, 9603, 'Dunkermotoren', 14),
(481, 604, 18, 9602, 'Calzedonia', 14),
(482, 604, 19, 9601, 'Mali Bajmok, Swarovski', 15),
(483, 641, 1, 9602, 'Calzedonia', 0),
(484, 641, 2, 9603, 'Dunkermotoren', 1),
(485, 641, 3, 9604, 'Batinska ', 2),
(486, 641, 4, 9605, 'Mali Bajmok', 3),
(487, 641, 5, 9606, 'Mali Bajmok, Dom', 4),
(488, 641, 6, 9607, 'Slavica', 4),
(489, 641, 7, 9608, 'Gajeva', 5),
(490, 641, 8, 9609, 'Drvena ambulanta', 6),
(491, 641, 9, 9610, 'Sarvaš', 7),
(492, 641, 10, 9611, 'Lifka', 8),
(493, 641, 11, 9612, 'Pošta I', 9),
(494, 641, 12, 9613, 'Nova opština', 11),
(495, 641, 13, 9614, 'Teretna stanica', 13),
(496, 641, 14, 9615, 'SUP', 14),
(497, 641, 15, 9616, 'Partizan', 15),
(498, 641, 16, 9617, 'Subotica-trans', 17),
(499, 641, 17, 9618, 'Aurometal', 18),
(500, 641, 18, 9619, 'Roda', 19),
(501, 641, 19, 9620, 'II Kasarna', 20),
(502, 641, 20, 9621, 'Radanovac', 22),
(503, 641, 21, 9622, 'Pali?, Benzinska pumpa', 23),
(504, 641, 22, 9623, 'ZOO vrt', 24),
(505, 641, 23, 9624, 'Pali?, Toranj ', 26),
(506, 641, 24, 9625, 'Pali?, Centar', 28),
(507, 641, 25, 9626, 'Pali?, Lovranska', 31),
(508, 641, 26, 9627, 'Pali?, Štrand', 33),
(509, 641, 27, 9628, 'Pali?, Vikend naselje', 35),
(510, 642, 1, 9628, 'Pali?, Vikend naselje', 0),
(511, 642, 2, 9627, 'Pali?, Štrand', 2),
(512, 642, 3, 9626, 'Pali?, Lovranska', 3),
(513, 642, 4, 9625, 'Pali?, Centar', 4),
(514, 642, 5, 9623, 'ZOO vrt', 6),
(515, 642, 6, 9622, 'Pali?, Benzinska pumpa', 7),
(516, 642, 7, 9621, 'Radanovac', 8),
(517, 642, 8, 9620, 'II Kasarna', 9),
(518, 642, 9, 9619, 'Roda', 11),
(519, 642, 10, 9618, 'Aurometal', 11),
(520, 642, 11, 9617, 'Subotica-trans', 13),
(521, 642, 12, 9504, 'SUT', 15),
(522, 642, 13, 9616, 'Partizan', 16),
(523, 642, 14, 9615, 'SUP', 17),
(524, 642, 15, 9614, 'Teretna stanica', 18),
(525, 642, 16, 9312, 'Patrija', 20),
(526, 642, 17, 9612, 'Pošta I', 22),
(527, 642, 18, 9314, 'Matije Gubca', 23),
(528, 642, 19, 9611, 'Lifka', 23),
(529, 642, 20, 9610, 'Sarvaš', 25),
(530, 642, 21, 9609, 'Drvena ambulanta', 26),
(531, 642, 22, 9608, 'Gajeva', 28),
(532, 642, 23, 9607, 'Slavica', 29),
(533, 642, 24, 9606, 'Mali Bajmok, Dom', 30),
(534, 642, 25, 9605, 'Mali Bajmok', 30),
(535, 642, 26, 9604, 'Batinska ', 32),
(536, 642, 27, 9603, 'Dunkermotoren', 33),
(537, 642, 28, 9602, 'Calzedonia', 35),
(538, 661, 1, 9680, 'Siemens', 0),
(539, 661, 2, 9604, 'Batinska', 1),
(540, 661, 3, 9605, 'Mali Bajmok', 2),
(541, 661, 4, 9606, 'Mali Bajmok- Dom', 3),
(542, 661, 5, 9607, 'Slavica', 3),
(543, 661, 6, 9608, 'Gajeva', 4),
(544, 661, 7, 9609, 'Drvena ambulanta', 5),
(545, 661, 8, 9610, 'Sarvaš', 6),
(546, 661, 9, 9611, 'Lifka', 7),
(547, 661, 10, 9111, 'Sinagoga', 7),
(548, 661, 11, 9112, 'Arsenija ?arnojevi?a', 8),
(549, 661, 12, 9113, 'Higijenski zavod', 9),
(550, 661, 13, 9114, 'Jadran', 10),
(551, 662, 1, 9114, 'Jadran', 0),
(552, 662, 2, 9312, 'Patrija', 1),
(553, 662, 3, 9612, 'Pošta I', 2),
(554, 662, 4, 9314, 'Matije Gubca', 3),
(555, 662, 5, 9611, 'Lifka', 4),
(556, 662, 6, 9610, 'Sarvaš', 4),
(557, 662, 7, 9609, 'Drvena ambulanta', 5),
(558, 662, 8, 9608, 'Gajeva', 6),
(559, 662, 9, 9607, 'Slavica', 6),
(560, 662, 10, 9606, 'Mali Bajmok Dom', 8),
(561, 662, 11, 9605, 'Mali Bajmok', 9),
(562, 662, 12, 9604, 'Batinska', 10),
(563, 662, 13, 9680, 'Siemens', 11),
(564, 701, 1, 9611, 'Lifka', 0),
(565, 701, 2, 9612, 'Pošta I', 1),
(566, 701, 3, 9613, 'Nova opština', 3),
(567, 701, 4, 9614, 'Teretna stanica', 4),
(568, 701, 5, 9615, 'SUP', 5),
(569, 701, 6, 9616, 'Partizan', 6),
(570, 701, 7, 9617, 'Subotica-trans', 7),
(571, 701, 8, 9618, 'Aurometal', 8),
(572, 701, 9, 9619, 'Roda', 8),
(573, 701, 10, 9620, 'II Kasarna', 10),
(574, 701, 11, 9621, 'Radanovac', 11),
(575, 701, 12, 9622, 'Pali?, Benzinska pumpa', 12),
(576, 701, 13, 9623, 'ZOO vrt', 12),
(577, 701, 14, 9624, 'Pali?, Toranj ', 13),
(578, 701, 15, 9625, 'Pali?, Centar', 13),
(579, 702, 1, 9625, 'Pali?, Centar', 0),
(580, 702, 2, 9623, 'ZOO vrt', 2),
(581, 702, 3, 9622, 'Pali?, Benzinska pumpa', 3),
(582, 702, 4, 9621, 'Radanovac', 4),
(583, 702, 5, 9620, 'II Kasarna', 5),
(584, 702, 6, 9619, 'Roda', 6),
(585, 702, 7, 9618, 'Aurometal', 6),
(586, 702, 8, 9617, 'Subotica-trans', 7),
(587, 702, 9, 9504, 'SUT', 7),
(588, 702, 10, 9616, 'Partizan', 8),
(589, 702, 11, 9615, 'SUP', 8),
(590, 702, 12, 9614, 'Teretna stanica', 10),
(591, 702, 13, 9312, 'Patrija', 11),
(592, 702, 14, 9612, 'Pošta I', 12),
(593, 702, 15, 9314, 'Matije Gubca', 12),
(594, 702, 16, 9611, 'Lifka', 13),
(595, 802, 1, 9801, '?er?a Luka?a', 0),
(596, 802, 2, 9802, 'Jovana Miki?a 263', 1),
(597, 802, 3, 9803, 'Jovana Miki?a 196', 2),
(598, 802, 4, 9804, 'Višnji?ka', 3),
(599, 802, 5, 9805, 'Željezni?ko naselje ', 4),
(600, 802, 6, 9806, 'Pruga', 5),
(601, 802, 7, 9807, 'Gubo ?ar', 6),
(602, 802, 8, 9211, 'Hala sportova', 7),
(603, 802, 9, 9212, 'Samoposluga br.23', 8),
(604, 802, 10, 9111, 'Sinagoga', 9),
(605, 802, 11, 9611, 'Lifka', 10),
(606, 802, 12, 9610, 'Sarvaš', 11),
(607, 802, 13, 9609, 'Drvena ambulanta', 12),
(608, 802, 14, 9814, 'Bife Gat', 12),
(609, 802, 15, 9815, 'Kersko groblje', 13),
(610, 802, 16, 9816, 'Berber Milan', 14),
(611, 802, 17, 9817, 'Obdanište Ker', 14),
(612, 802, 18, 9818, 'Kolevka', 15),
(613, 802, 19, 9122, 'Pa?irski put', 15),
(614, 802, 20, 9123, 'Dušana Krnajskog', 16),
(615, 802, 21, 9124, 'Novo Naselje-Pijaca', 17),
(616, 802, 22, 9822, 'Plate Dobrijevi?a I', 17),
(617, 802, 23, 9823, 'Plate Dobrijevi?a II', 18),
(618, 802, 24, 9518, 'Aleksandrovo- Groblje', 19),
(619, 802, 25, 9519, 'Aleksandrovo- Okretište', 20),
(620, 801, 1, 9519, 'Aleksandrovo- Okretište', 0),
(621, 801, 2, 9518, 'Aleksandrovo- Groblje', 1),
(622, 801, 3, 9823, 'Plate Dobrijevi?a II', 2),
(623, 801, 4, 9822, 'Plate Dobrijevi?a I', 2),
(624, 801, 5, 9124, 'Novo Naselje-Pijaca', 3),
(625, 801, 6, 9123, 'Dušana Krnajskog', 4),
(626, 801, 7, 9122, 'Pa?irski put', 5),
(627, 801, 8, 9818, 'Kolevka', 5),
(628, 801, 9, 9817, 'Obdanište Ker', 6),
(629, 801, 10, 9816, 'Berber Milan', 6),
(630, 801, 11, 9815, 'Kersko groblje', 7),
(631, 801, 12, 9814, 'Bife Gat', 8),
(632, 801, 13, 9609, 'Drvena ambulanta', 9),
(633, 801, 14, 9610, 'Sarvaš', 10),
(634, 801, 15, 9611, 'Lifka', 11),
(635, 801, 16, 9111, 'Sinagoga', 12),
(636, 801, 17, 9212, 'Samoposluga br.23', 13),
(637, 801, 18, 9211, 'Hala sportova', 14),
(638, 801, 19, 9807, 'Gubo ?ar', 15),
(639, 801, 20, 9806, 'Pruga', 15),
(640, 801, 21, 9805, 'Željezni?ko naselje ', 16),
(641, 801, 22, 9804, 'Višnji?ka', 17),
(642, 801, 23, 9803, 'Jovana Miki?a 196', 18),
(643, 801, 24, 9802, 'Jovana Miki?a 263', 19),
(644, 801, 25, 9801, '?er?a Luka?a', 20),
(645, 842, 1, 9801, '?er?a Luka?a', 0),
(646, 842, 2, 9802, 'Jovana Miki?a 263', 1),
(647, 842, 3, 9803, 'Jovana Miki?a 196', 2),
(648, 842, 4, 9804, 'Višnji?ka', 3),
(649, 842, 5, 9805, 'Željezni?ko naselje ', 4),
(650, 842, 6, 9806, 'Pruga', 5),
(651, 842, 7, 9807, 'Gubo ?ar', 6),
(652, 842, 8, 9211, 'Hala sportova', 6),
(653, 842, 9, 9212, 'Samoposluga br.23', 7),
(654, 842, 10, 9112, 'Arsenija ?arnojevi?a', 8),
(655, 842, 11, 9113, 'Higijenski zavod', 8),
(656, 842, 12, 9114, 'Jadran', 9),
(657, 842, 13, 9312, 'Patrija ', 10),
(658, 842, 14, 9612, 'Pošta I', 12),
(659, 842, 15, 9314, 'Matije Gubca ', 12),
(660, 842, 16, 9611, 'Lifka', 13),
(661, 841, 1, 9611, 'Lifka', 0),
(662, 841, 2, 9612, 'Pošta I', 1),
(663, 841, 3, 9114, 'Jadran', 3),
(664, 841, 4, 9113, 'Higijenski zavod', 4),
(665, 841, 5, 9112, 'Arsenija ?arnojevi?a', 5),
(666, 841, 6, 9212, 'Samoposluga br.23', 6),
(667, 841, 7, 9211, 'Hala sportova', 7),
(668, 841, 8, 9807, 'Gubo ?ar', 8),
(669, 841, 9, 9806, 'Pruga', 9),
(670, 841, 10, 9805, 'Željezni?ko naselje ', 11),
(671, 841, 11, 9804, 'Višnji?ka', 12),
(672, 841, 12, 9803, 'Jovana Miki?a 196', 12),
(673, 841, 13, 9802, 'Jovana Miki?a 263', 13),
(674, 841, 14, 9801, '?er?a Luka?a', 14),
(675, 901, 1, 9201, 'Široki progon', 0),
(676, 901, 2, 9202, 'Ganjo šor', 1),
(677, 901, 3, 9203, 'Dr Ferenca Bodrogvarija', 2),
(678, 901, 4, 9204, 'Prodavnica Farex', 3),
(679, 901, 5, 9205, 'Zorkina', 4),
(680, 901, 6, 9206, 'Padejska', 4),
(681, 901, 7, 9207, 'Drvara Subotica', 5),
(682, 901, 8, 9208, 'Somborska', 5),
(683, 901, 9, 9209, 'Bazeni', 6),
(684, 901, 10, 9210, 'Dudova šuma- Groblje', 7),
(685, 901, 11, 9211, 'Hala sportova', 8),
(686, 901, 12, 9212, 'Samoposluga br.23', 9),
(687, 901, 13, 9112, 'Arsenija ?arnojevi?a', 10),
(688, 901, 14, 9113, 'Higijenski zavod', 11),
(689, 901, 15, 9114, 'Jadran', 11),
(690, 901, 16, 9613, 'Nova opština', 13),
(691, 901, 17, 9614, 'Teretna stanica', 15),
(692, 901, 18, 9615, 'SUP', 15),
(693, 901, 19, 9616, 'Partizan', 16),
(694, 901, 20, 9617, 'Subotica-trans', 17),
(695, 901, 21, 9618, 'Aurometal', 18),
(696, 901, 22, 9991, 'Sever', 19),
(697, 902, 1, 9991, 'Sever', 0),
(698, 902, 2, 9618, 'Aurometal', 2),
(699, 902, 3, 9617, 'Subotica-trans', 3),
(700, 902, 4, 9616, 'Partizan', 4),
(701, 902, 5, 9615, 'SUP', 5),
(702, 902, 6, 9614, 'Teretna stanica', 6),
(703, 902, 7, 9114, 'Jadran', 8),
(704, 902, 8, 9113, 'Higijenski zavod', 10),
(705, 902, 9, 9112, 'Arsenija ?arnojevi?a', 11),
(706, 902, 10, 9212, 'Samoposluga br.23', 12),
(707, 902, 11, 9211, 'Hala sportova', 13),
(708, 902, 12, 9210, 'Dudova šuma- Groblje', 14),
(709, 902, 13, 9209, 'Bazeni', 14),
(710, 902, 14, 9208, 'Somborska', 15),
(711, 902, 15, 9207, 'Drvara Subotica', 15),
(712, 902, 16, 9206, 'Padejska', 16),
(713, 902, 17, 9205, 'Zorkina', 17),
(714, 902, 18, 9204, 'Prodavnica Farex', 18),
(715, 902, 19, 9203, 'Dr Ferenca Bodrogvarija', 18),
(716, 902, 20, 9202, 'Ganjo šor', 19),
(717, 902, 21, 9201, 'Široki progon', 20),
(718, 1002, 1, 9611, 'Lifka', 0),
(719, 1002, 2, 9612, 'Pošta I', 1),
(720, 1002, 3, 9613, 'Nova opština', 3),
(721, 1002, 4, 9614, 'Teretna stanica', 5),
(722, 1002, 5, 9615, 'SUP', 5),
(723, 1002, 6, 9616, 'Partizan', 7),
(724, 1002, 7, 9617, 'Subotica-trans', 7),
(725, 1002, 8, 9618, 'Aurometal', 8),
(726, 1002, 9, 9619, 'Roda', 8),
(727, 1002, 10, 9620, 'II Kasarna', 10),
(728, 1002, 11, 9621, 'Radanovac', 12),
(729, 1002, 12, 9662, 'Partizanska  ', 13),
(730, 1002, 13, 9663, 'Rogaška', 14),
(731, 1002, 14, 9664, 'Ružina ', 15),
(732, 1002, 15, 9665, 'Josipa Kolumba', 15),
(733, 1002, 16, 9666, 'Marija Bursa?', 16),
(734, 1002, 17, 9667, 'Pali? naselje, Pulska', 17),
(735, 1001, 1, 9667, 'Pali? naselje, Pulska', 0),
(736, 1001, 2, 9668, 'Orban Falva', 1),
(737, 1001, 3, 9669, 'Košut Lajoša', 2),
(738, 1001, 4, 9670, 'O.Š. Miroslav Anti?', 3),
(739, 1001, 5, 9663, 'Rogaška', 3),
(740, 1001, 6, 9662, 'Partizanska ', 4),
(741, 1001, 7, 9621, 'Radanovac', 5),
(742, 1001, 8, 9620, 'II Kasarna', 6),
(743, 1001, 9, 9619, 'Roda', 8),
(744, 1001, 10, 9618, 'Aurometal', 8),
(745, 1001, 11, 9617, 'Subotica-trans', 9),
(746, 1001, 12, 9504, 'SUT', 10),
(747, 1001, 13, 9616, 'Partizan', 11),
(748, 1001, 14, 9615, 'SUP', 12),
(749, 1001, 15, 9614, 'Teretna stanica', 13),
(750, 1001, 16, 9312, 'Patrija', 15),
(751, 1001, 17, 9612, 'Pošta I', 16),
(752, 1001, 18, 9314, 'Matije Gubca', 17),
(753, 1001, 19, 9611, 'Lifka', 18),
(754, 1601, 1, 9501, 'Teslino naselje, Kružni tok', 0),
(755, 1601, 2, 9502, 'Radnoti Mikloša', 1),
(756, 1601, 3, 9503, 'Teslino naselje, Pijaca', 3),
(757, 1601, 4, 9504, 'SUT', 4),
(758, 1601, 5, 9617, 'Partizan', 5),
(759, 1601, 6, 9615, 'SUP', 6),
(760, 1601, 7, 9614, 'Teretna stanica', 7),
(761, 1601, 8, 9312, 'Patrija', 9),
(762, 1601, 9, 9612, 'Pošta I', 11),
(763, 1601, 10, 9510, 'Politehni?ka škola', 12),
(764, 1601, 11, 9511, 'Vatrogasci', 13),
(765, 1601, 12, 9512, 'Kerska crkva', 15),
(766, 1601, 13, 9513, 'Prozivka', 17),
(767, 1601, 14, 9514, 'Masloš', 19),
(768, 1601, 15, 9515, 'Bolnica II', 20),
(769, 1601, 16, 9516, 'Veterinarski zavod', 21),
(770, 1601, 17, 9517, 'Aleksandrovo, Peš?ara', 23),
(771, 1601, 18, 9518, 'Aleksandrovo, Groblje', 25),
(772, 1601, 19, 9519, 'Aleksandrovo okretište', 27),
(773, 1602, 1, 9519, 'Aleksandrovo okretište', 0),
(774, 1602, 2, 9518, 'Aleksandrovo, Groblje', 2),
(775, 1602, 3, 9517, 'Aleksandrovo, Peš?ara', 3),
(776, 1602, 4, 9516, 'Veterinarski zavod', 4),
(777, 1602, 5, 9515, 'Bolnica II', 6),
(778, 1602, 6, 9514, 'Masloš', 7),
(779, 1602, 7, 9513, 'Prozivka', 8),
(780, 1602, 8, 9512, 'Kerska crkva', 10),
(781, 1602, 9, 9511, 'Vatrogasci', 11),
(782, 1602, 10, 9510, 'Politehni?ka škola', 12),
(783, 1602, 11, 9612, 'Pošta I', 13),
(784, 1602, 12, 9613, 'Nova opština', 15),
(785, 1602, 13, 9614, 'Teretna stanica', 17),
(786, 1602, 14, 9615, 'SUP', 18),
(787, 1602, 15, 9617, 'Partizan', 20),
(788, 1602, 16, 9504, 'SUT', 21),
(789, 1602, 17, 9503, 'Teslino naselje, Pijaca', 23),
(790, 1602, 18, 9502, 'Radnoti Mikloša', 25),
(791, 1602, 19, 9501, 'Teslino naselje, Kružni tok', 27),
(792, 2202, 1, 9000, 'Subotica, A.S.', 0),
(793, 2202, 2, 9312, 'Patrija', 2),
(794, 2202, 3, 9611, 'Lifka', 4),
(795, 2202, 4, 9108, 'Sadecki', 6),
(796, 2202, 5, 9107, 'Zdravstvena stanica', 7),
(797, 2202, 6, 9106, 'O.Š.Se?enji Ištvan', 9),
(798, 2202, 7, 9104, 'Zorka', 10),
(799, 2202, 8, 9102, 'Veliki progon', 12),
(800, 2202, 9, 9101, 'Kelebija- Opština', 14),
(801, 2202, 10, 9921, '?edina ?oša', 15),
(802, 2202, 11, 9922, 'Šumski put', 18),
(803, 2202, 12, 9923, 'Rasadnik', 19),
(804, 2202, 13, 9924, 'Kelebija- Crkva', 20),
(805, 2202, 14, 9925, 'Kelebija- Dom', 21),
(806, 2202, 15, 9926, 'Prodavnica', 22),
(807, 2202, 16, 9927, 'Alpis', 23),
(808, 2202, 17, 9928, 'Kelebija-Granica', 24),
(809, 2201, 1, 9928, 'Kelebija-Granica', 0),
(810, 2201, 2, 9927, 'Alpis', 1),
(811, 2201, 3, 9926, 'Prodavnica', 2),
(812, 2201, 4, 9925, 'Kelebija- Dom', 3),
(813, 2201, 5, 9924, 'Kelebija- Crkva', 4),
(814, 2201, 6, 9923, 'Rasadnik', 5),
(815, 2201, 7, 9922, 'Šumski put', 6),
(816, 2201, 8, 9921, '?edina ?oša', 7),
(817, 2201, 9, 9101, 'Kelebija- Opština', 8),
(818, 2201, 10, 9102, 'Veliki progon', 9),
(819, 2201, 11, 9104, 'Zorka', 11),
(820, 2201, 12, 9106, 'O.Š.Se?enji Ištvan', 13),
(821, 2201, 13, 9107, 'Zdravstvena stanica', 15),
(822, 2201, 14, 9108, 'Sadecki', 16),
(823, 2201, 15, 9611, 'Lifka', 17),
(824, 2201, 16, 9612, 'Pošta I', 19),
(825, 2201, 17, 9115, 'Mešc', 22),
(826, 2201, 18, 9000, 'Subotica, A.S.', 23);

-- --------------------------------------------------------

--
-- Table structure for table `busschedule`
--

CREATE TABLE IF NOT EXISTS `busschedule` (
  `ID_Schedule` int(11) NOT NULL AUTO_INCREMENT,
  `ID_Line` int(11) NOT NULL,
  `Departure` time NOT NULL,
  `Day_Type` int(11) NOT NULL,
  PRIMARY KEY (`ID_Schedule`)
) ENGINE=InnoDB AUTO_INCREMENT=820 ;

--
-- Dumping data for table `busschedule`
--

INSERT INTO `busschedule` (`ID_Schedule`, `ID_Line`, `Departure`, `Day_Type`) VALUES
(1, 105, '04:45:00', 1),
(2, 105, '05:10:00', 1),
(3, 101, '05:10:00', 1),
(4, 101, '05:30:00', 1),
(5, 101, '06:00:00', 1),
(6, 101, '06:30:00', 1),
(7, 101, '06:55:00', 1),
(8, 101, '07:25:00', 1),
(9, 101, '07:55:00', 1),
(10, 101, '08:25:00', 1),
(11, 101, '08:55:00', 1),
(12, 101, '09:25:00', 1),
(13, 101, '09:55:00', 1),
(14, 101, '10:25:00', 1),
(15, 101, '10:55:00', 1),
(16, 101, '11:25:00', 1),
(17, 101, '11:55:00', 1),
(18, 101, '12:25:00', 1),
(19, 101, '12:55:00', 1),
(20, 101, '13:25:00', 1),
(21, 101, '14:00:00', 1),
(22, 101, '14:25:00', 1),
(23, 101, '14:55:00', 1),
(24, 101, '15:25:00', 1),
(25, 101, '15:50:00', 1),
(26, 101, '16:25:00', 1),
(27, 101, '16:55:00', 1),
(28, 101, '17:25:00', 1),
(29, 101, '17:55:00', 1),
(30, 101, '18:40:00', 1),
(31, 101, '19:00:00', 1),
(32, 101, '19:25:00', 1),
(33, 101, '20:05:00', 1),
(34, 101, '21:00:00', 1),
(35, 101, '22:10:00', 1),
(36, 103, '22:45:00', 1),
(37, 104, '04:45:00', 1),
(38, 102, '05:05:00', 1),
(39, 104, '05:15:00', 1),
(40, 102, '05:30:00', 1),
(41, 102, '06:00:00', 1),
(42, 102, '06:30:00', 1),
(43, 102, '06:55:00', 1),
(44, 102, '07:10:00', 1),
(45, 102, '07:40:00', 1),
(46, 102, '08:10:00', 1),
(47, 102, '08:40:00', 1),
(48, 102, '09:10:00', 1),
(49, 102, '09:40:00', 1),
(50, 102, '10:10:00', 1),
(51, 102, '10:40:00', 1),
(52, 102, '11:10:00', 1),
(53, 102, '11:40:00', 1),
(54, 102, '12:10:00', 1),
(55, 102, '12:40:00', 1),
(56, 102, '13:10:00', 1),
(57, 102, '13:40:00', 1),
(58, 102, '14:05:00', 1),
(59, 102, '14:40:00', 1),
(60, 102, '15:10:00', 1),
(61, 102, '15:40:00', 1),
(62, 102, '16:10:00', 1),
(63, 102, '16:40:00', 1),
(64, 102, '17:10:00', 1),
(65, 102, '17:40:00', 1),
(66, 102, '18:15:00', 1),
(67, 102, '18:40:00', 1),
(68, 102, '19:20:00', 1),
(69, 102, '19:40:00', 1),
(70, 102, '20:10:00', 1),
(71, 102, '21:00:00', 1),
(72, 102, '22:10:00', 1),
(73, 106, '22:40:00', 1),
(74, 105, '04:55:00', 2),
(75, 101, '05:20:00', 2),
(76, 101, '06:00:00', 2),
(77, 105, '06:15:00', 2),
(78, 101, '06:40:00', 2),
(79, 101, '07:10:00', 2),
(80, 101, '07:45:00', 2),
(81, 101, '08:25:00', 2),
(82, 101, '08:55:00', 2),
(83, 101, '09:25:00', 2),
(84, 101, '09:55:00', 2),
(85, 101, '10:25:00', 2),
(86, 101, '10:55:00', 2),
(87, 101, '11:25:00', 2),
(88, 101, '11:55:00', 2),
(89, 101, '12:25:00', 2),
(90, 101, '12:55:00', 2),
(91, 101, '13:25:00', 2),
(92, 101, '13:55:00', 2),
(93, 101, '14:20:00', 2),
(94, 101, '15:05:00', 2),
(95, 101, '16:00:00', 2),
(96, 101, '17:00:00', 2),
(97, 101, '18:00:00', 2),
(98, 101, '19:00:00', 2),
(99, 101, '20:00:00', 2),
(100, 101, '21:00:00', 2),
(101, 101, '22:10:00', 2),
(102, 103, '22:40:00', 2),
(103, 104, '05:05:00', 2),
(104, 102, '05:10:00', 2),
(105, 102, '06:00:00', 2),
(106, 102, '06:30:00', 2),
(107, 102, '07:00:00', 2),
(108, 102, '07:35:00', 2),
(109, 102, '08:10:00', 2),
(110, 102, '08:40:00', 2),
(111, 102, '09:10:00', 2),
(112, 102, '09:40:00', 2),
(113, 102, '10:10:00', 2),
(114, 102, '10:40:00', 2),
(115, 102, '11:10:00', 2),
(116, 102, '11:40:00', 2),
(117, 102, '12:10:00', 2),
(118, 102, '12:40:00', 2),
(119, 102, '13:10:00', 2),
(120, 102, '13:40:00', 2),
(121, 102, '14:20:00', 2),
(122, 102, '15:00:00', 2),
(123, 102, '16:00:00', 2),
(124, 102, '17:00:00', 2),
(125, 102, '18:00:00', 2),
(126, 102, '19:00:00', 2),
(127, 102, '20:00:00', 2),
(128, 102, '21:00:00', 2),
(129, 102, '22:00:00', 2),
(130, 106, '22:45:00', 2),
(131, 205, '04:45:00', 1),
(132, 201, '05:00:00', 1),
(133, 201, '05:30:00', 1),
(134, 201, '06:00:00', 1),
(135, 201, '06:30:00', 1),
(136, 201, '07:05:00', 1),
(137, 201, '07:40:00', 1),
(138, 201, '08:15:00', 1),
(139, 201, '09:25:00', 1),
(140, 201, '10:15:00', 1),
(141, 201, '10:50:00', 1),
(142, 201, '11:25:00', 1),
(143, 201, '12:00:00', 1),
(144, 201, '12:35:00', 1),
(145, 201, '13:10:00', 1),
(146, 201, '13:45:00', 1),
(147, 201, '14:20:00', 1),
(148, 201, '14:55:00', 1),
(149, 201, '15:30:00', 1),
(150, 201, '16:05:00', 1),
(151, 201, '16:55:00', 1),
(152, 201, '17:50:00', 1),
(153, 201, '18:30:00', 1),
(154, 201, '19:10:00', 1),
(155, 201, '19:45:00', 1),
(156, 201, '20:30:00', 1),
(157, 201, '21:35:00', 1),
(158, 203, '22:45:00', 1),
(159, 204, '04:45:00', 1),
(160, 202, '05:00:00', 1),
(161, 202, '05:30:00', 1),
(162, 202, '06:00:00', 1),
(163, 202, '06:30:00', 1),
(164, 202, '07:05:00', 1),
(165, 202, '07:40:00', 1),
(166, 202, '08:15:00', 1),
(167, 202, '09:25:00', 1),
(168, 202, '10:15:00', 1),
(169, 202, '10:50:00', 1),
(170, 202, '11:25:00', 1),
(171, 202, '12:00:00', 1),
(172, 202, '12:38:00', 1),
(173, 202, '13:10:00', 1),
(174, 202, '13:45:00', 1),
(175, 202, '14:20:00', 1),
(176, 202, '14:55:00', 1),
(177, 202, '15:30:00', 1),
(178, 202, '16:05:00', 1),
(179, 202, '16:55:00', 1),
(180, 202, '17:50:00', 1),
(181, 202, '18:30:00', 1),
(182, 202, '19:10:00', 1),
(183, 202, '19:45:00', 1),
(184, 206, '20:20:00', 1),
(185, 202, '21:00:00', 1),
(186, 202, '22:15:00', 1),
(187, 201, '05:00:00', 2),
(188, 201, '06:00:00', 2),
(189, 201, '07:05:00', 2),
(190, 201, '08:15:00', 2),
(191, 201, '10:20:00', 2),
(192, 201, '11:30:00', 2),
(193, 201, '12:40:00', 2),
(194, 201, '14:00:00', 2),
(195, 201, '15:20:00', 2),
(196, 201, '16:40:00', 2),
(197, 201, '18:30:00', 2),
(198, 201, '19:45:00', 2),
(199, 204, '04:45:00', 2),
(200, 202, '05:30:00', 2),
(201, 202, '06:30:00', 2),
(202, 202, '07:40:00', 2),
(203, 202, '09:25:00', 2),
(204, 202, '10:55:00', 2),
(205, 202, '12:05:00', 2),
(206, 202, '13:20:00', 2),
(207, 202, '14:40:00', 2),
(208, 202, '16:00:00', 2),
(209, 202, '17:40:00', 2),
(210, 202, '19:10:00', 2),
(211, 206, '20:20:00', 2),
(212, 304, '05:00:00', 1),
(213, 301, '05:05:00', 1),
(214, 301, '05:25:00', 1),
(215, 301, '06:00:00', 1),
(216, 301, '06:25:00', 1),
(217, 301, '06:45:00', 1),
(218, 301, '07:10:00', 1),
(219, 307, '07:30:00', 1),
(220, 301, '08:00:00', 1),
(221, 301, '08:40:00', 1),
(222, 301, '09:20:00', 1),
(223, 301, '10:00:00', 1),
(224, 301, '10:40:00', 1),
(225, 301, '11:20:00', 1),
(226, 301, '12:00:00', 1),
(227, 301, '12:40:00', 1),
(228, 307, '13:00:00', 1),
(229, 301, '13:20:00', 1),
(230, 301, '14:05:00', 1),
(231, 301, '14:45:00', 1),
(232, 301, '15:20:00', 1),
(233, 301, '16:05:00', 1),
(234, 301, '17:00:00', 1),
(235, 301, '17:40:00', 1),
(236, 301, '18:20:00', 1),
(237, 301, '19:00:00', 1),
(238, 301, '19:40:00', 1),
(239, 301, '20:20:00', 1),
(240, 301, '21:00:00', 1),
(241, 301, '22:00:00', 1),
(242, 305, '22:45:00', 1),
(243, 306, '04:50:00', 1),
(244, 306, '05:10:00', 1),
(245, 302, '05:20:00', 1),
(246, 302, '05:40:00', 1),
(247, 302, '05:55:00', 1),
(248, 302, '06:35:00', 1),
(249, 302, '07:00:00', 1),
(250, 303, '07:35:00', 1),
(251, 302, '08:00:00', 1),
(252, 302, '08:40:00', 1),
(253, 302, '09:20:00', 1),
(254, 302, '10:00:00', 1),
(255, 302, '10:40:00', 1),
(256, 302, '11:20:00', 1),
(257, 302, '12:00:00', 1),
(258, 302, '12:40:00', 1),
(259, 302, '13:20:00', 1),
(260, 308, '14:10:00', 1),
(261, 302, '14:15:00', 1),
(262, 302, '14:40:00', 1),
(263, 302, '15:25:00', 1),
(264, 302, '16:10:00', 1),
(265, 302, '17:05:00', 1),
(266, 302, '17:45:00', 1),
(267, 302, '18:20:00', 1),
(268, 302, '19:05:00', 1),
(269, 302, '19:40:00', 1),
(270, 302, '20:20:00', 1),
(271, 302, '21:15:00', 1),
(272, 302, '22:15:00', 1),
(273, 303, '22:35:00', 1),
(274, 301, '05:00:00', 2),
(275, 301, '06:00:00', 2),
(276, 301, '06:25:00', 2),
(277, 301, '07:10:00', 2),
(278, 301, '07:45:00', 2),
(279, 301, '08:30:00', 2),
(280, 301, '09:15:00', 2),
(281, 301, '10:00:00', 2),
(282, 301, '10:45:00', 2),
(283, 301, '11:30:00', 2),
(284, 301, '12:15:00', 2),
(285, 301, '13:00:00', 2),
(286, 301, '13:45:00', 2),
(287, 301, '14:30:00', 2),
(288, 301, '15:15:00', 2),
(289, 301, '16:00:00', 2),
(290, 301, '16:45:00', 2),
(291, 301, '17:30:00', 2),
(292, 301, '18:15:00', 2),
(293, 301, '19:00:00', 2),
(294, 301, '20:00:00', 2),
(295, 301, '21:00:00', 2),
(296, 305, '22:45:00', 2),
(297, 306, '04:50:00', 2),
(298, 302, '05:30:00', 2),
(299, 306, '05:50:00', 2),
(300, 302, '06:40:00', 2),
(301, 302, '07:00:00', 2),
(302, 302, '07:45:00', 2),
(303, 302, '08:30:00', 2),
(304, 302, '09:15:00', 2),
(305, 302, '10:00:00', 2),
(306, 302, '10:45:00', 2),
(307, 302, '11:30:00', 2),
(308, 302, '12:15:00', 2),
(309, 302, '13:00:00', 2),
(310, 302, '13:45:00', 2),
(311, 302, '14:30:00', 2),
(312, 302, '15:15:00', 2),
(313, 302, '16:00:00', 2),
(314, 302, '16:45:00', 2),
(315, 302, '17:30:00', 2),
(316, 302, '18:15:00', 2),
(317, 302, '19:00:00', 2),
(318, 302, '20:00:00', 2),
(319, 302, '20:40:00', 2),
(320, 302, '22:15:00', 2),
(321, 401, '04:50:00', 1),
(322, 401, '05:50:00', 1),
(323, 401, '06:50:00', 1),
(324, 401, '08:00:00', 1),
(325, 401, '12:30:00', 1),
(326, 401, '13:30:00', 1),
(327, 401, '14:35:00', 1),
(328, 401, '15:50:00', 1),
(329, 401, '19:30:00', 1),
(330, 403, '20:40:00', 1),
(331, 401, '06:00:00', 2),
(332, 401, '07:00:00', 2),
(333, 401, '08:10:00', 2),
(334, 401, '12:30:00', 2),
(335, 401, '13:30:00', 2),
(336, 401, '14:40:00', 2),
(337, 401, '15:40:00', 2),
(338, 402, '05:20:00', 1),
(339, 402, '06:50:00', 1),
(340, 402, '13:00:00', 1),
(341, 402, '14:00:00', 1),
(342, 402, '15:22:00', 1),
(343, 402, '16:20:00', 1),
(344, 402, '20:15:00', 1),
(345, 402, '06:30:00', 2),
(346, 402, '07:40:00', 2),
(347, 402, '08:40:00', 2),
(348, 402, '08:40:00', 2),
(349, 402, '13:00:00', 2),
(350, 402, '14:10:00', 2),
(351, 402, '15:10:00', 2),
(352, 402, '16:10:00', 2),
(353, 702, '23:15:00', 3),
(354, 702, '00:45:00', 4),
(355, 702, '02:15:00', 4),
(356, 702, '02:50:00', 4),
(357, 701, '00:00:00', 4),
(358, 701, '01:30:00', 4),
(359, 701, '02:30:00', 4),
(360, 901, '06:20:00', 1),
(361, 901, '07:25:00', 1),
(362, 902, '15:15:00', 1),
(363, 902, '16:15:00', 1),
(364, 1001, '06:15:00', 1),
(365, 1002, '14:05:00', 1),
(366, 606, '04:45:00', 1),
(367, 601, '05:00:00', 1),
(368, 601, '05:20:00', 1),
(369, 606, '05:20:00', 1),
(370, 601, '05:40:00', 1),
(371, 601, '06:00:00', 1),
(372, 661, '06:10:00', 1),
(373, 601, '06:20:00', 1),
(374, 601, '06:40:00', 1),
(375, 661, '06:50:00', 1),
(376, 641, '07:00:00', 1),
(377, 601, '07:20:00', 1),
(378, 661, '07:25:00', 1),
(379, 601, '07:40:00', 1),
(380, 601, '08:00:00', 1),
(381, 601, '08:25:00', 1),
(382, 601, '08:40:00', 1),
(383, 601, '09:00:00', 1),
(384, 601, '09:30:00', 1),
(385, 601, '10:00:00', 1),
(386, 601, '10:30:00', 1),
(387, 601, '11:00:00', 1),
(388, 601, '11:30:00', 1),
(389, 601, '12:00:00', 1),
(390, 601, '12:20:00', 1),
(391, 661, '12:20:00', 1),
(392, 601, '12:40:00', 1),
(393, 661, '13:00:00', 1),
(394, 601, '13:00:00', 1),
(395, 601, '13:20:00', 1),
(396, 601, '13:40:00', 1),
(397, 601, '14:10:00', 1),
(398, 661, '14:10:00', 1),
(399, 601, '14:20:00', 1),
(400, 601, '14:45:00', 1),
(401, 661, '15:10:00', 1),
(402, 601, '15:15:00', 1),
(403, 641, '15:20:00', 1),
(404, 601, '15:40:00', 1),
(405, 601, '16:05:00', 1),
(406, 601, '16:20:00', 1),
(407, 601, '16:50:00', 1),
(408, 601, '17:25:00', 1),
(409, 601, '17:55:00', 1),
(410, 601, '18:25:00', 1),
(411, 601, '18:55:00', 1),
(412, 601, '19:25:00', 1),
(413, 601, '20:15:00', 1),
(414, 601, '20:45:00', 1),
(415, 601, '21:30:00', 1),
(416, 601, '22:15:00', 1),
(417, 603, '22:40:00', 1),
(418, 606, '05:00:00', 2),
(419, 601, '05:25:00', 2),
(420, 601, '06:10:00', 2),
(421, 606, '06:55:00', 2),
(422, 601, '07:00:00', 2),
(423, 601, '07:25:00', 2),
(424, 601, '07:55:00', 2),
(425, 601, '08:25:00', 2),
(426, 601, '08:55:00', 2),
(427, 601, '09:25:00', 2),
(428, 601, '09:55:00', 2),
(429, 601, '10:25:00', 2),
(430, 601, '10:55:00', 2),
(431, 601, '11:25:00', 2),
(432, 601, '11:55:00', 2),
(433, 601, '12:25:00', 2),
(434, 601, '12:55:00', 2),
(435, 601, '13:25:00', 2),
(436, 601, '13:55:00', 2),
(437, 601, '14:20:00', 2),
(438, 601, '14:55:00', 2),
(439, 601, '15:25:00', 2),
(440, 601, '15:55:00', 2),
(441, 601, '16:25:00', 2),
(442, 601, '16:55:00', 2),
(443, 601, '17:25:00', 2),
(444, 601, '17:55:00', 2),
(445, 601, '18:25:00', 2),
(446, 601, '18:55:00', 2),
(447, 601, '19:20:00', 2),
(448, 601, '19:45:00', 2),
(449, 601, '20:30:00', 2),
(450, 603, '20:50:00', 2),
(451, 601, '21:15:00', 2),
(452, 601, '22:15:00', 2),
(453, 603, '22:35:00', 2),
(454, 604, '04:40:00', 1),
(455, 604, '05:00:00', 1),
(456, 602, '05:05:00', 1),
(457, 604, '05:20:00', 1),
(458, 662, '05:30:00', 1),
(459, 602, '05:35:00', 1),
(460, 602, '05:50:00', 1),
(461, 642, '06:00:00', 1),
(462, 602, '06:30:00', 1),
(463, 662, '06:33:00', 1),
(464, 602, '06:50:00', 1),
(465, 662, '07:10:00', 1),
(466, 602, '07:10:00', 1),
(467, 602, '07:30:00', 1),
(468, 602, '07:50:00', 1),
(469, 602, '08:10:00', 1),
(470, 602, '08:30:00', 1),
(471, 602, '08:50:00', 1),
(472, 602, '09:10:00', 1),
(473, 602, '09:45:00', 1),
(474, 602, '10:15:00', 1),
(475, 602, '10:45:00', 1),
(476, 602, '11:15:00', 1),
(477, 602, '11:45:00', 1),
(478, 662, '12:00:00', 1),
(479, 602, '12:15:00', 1),
(480, 662, '12:40:00', 1),
(481, 602, '12:45:00', 1),
(482, 602, '13:10:00', 1),
(483, 662, '13:25:00', 1),
(484, 602, '13:30:00', 1),
(485, 602, '13:50:00', 1),
(486, 602, '14:10:00', 1),
(487, 642, '14:30:00', 1),
(488, 662, '14:45:00', 1),
(489, 602, '14:55:00', 1),
(490, 602, '15:10:00', 1),
(491, 602, '15:30:00', 1),
(492, 602, '16:00:00', 1),
(493, 602, '16:20:00', 1),
(494, 602, '16:40:00', 1),
(495, 602, '17:10:00', 1),
(496, 602, '17:40:00', 1),
(497, 602, '18:10:00', 1),
(498, 602, '18:40:00', 1),
(499, 602, '19:10:00', 1),
(500, 602, '19:40:00', 1),
(501, 602, '20:10:00', 1),
(502, 602, '20:55:00', 1),
(503, 602, '21:30:00', 1),
(504, 602, '22:05:00', 1),
(505, 605, '22:45:00', 1),
(506, 604, '05:05:00', 2),
(507, 602, '05:10:00', 2),
(508, 602, '06:00:00', 2),
(509, 602, '06:45:00', 2),
(510, 602, '07:10:00', 2),
(511, 602, '07:40:00', 2),
(512, 602, '08:10:00', 2),
(513, 602, '08:40:00', 2),
(514, 602, '09:10:00', 2),
(515, 602, '09:40:00', 2),
(516, 602, '10:10:00', 2),
(517, 602, '10:40:00', 2),
(518, 602, '11:10:00', 2),
(519, 602, '11:40:00', 2),
(520, 602, '12:10:00', 2),
(521, 602, '12:40:00', 2),
(522, 602, '13:10:00', 2),
(523, 602, '13:40:00', 2),
(524, 602, '14:10:00', 2),
(525, 602, '14:40:00', 2),
(526, 602, '15:10:00', 2),
(527, 602, '15:40:00', 2),
(528, 602, '16:10:00', 2),
(529, 602, '16:40:00', 2),
(530, 602, '17:10:00', 2),
(531, 602, '17:40:00', 2),
(532, 602, '18:10:00', 2),
(533, 602, '18:40:00', 2),
(534, 602, '19:10:00', 2),
(535, 602, '19:45:00', 2),
(536, 602, '20:10:00', 2),
(537, 602, '20:30:00', 2),
(538, 602, '21:15:00', 2),
(539, 602, '22:03:00', 2),
(540, 605, '22:40:00', 2),
(541, 802, '05:05:00', 1),
(542, 802, '06:05:00', 1),
(543, 802, '07:05:00', 1),
(544, 802, '13:00:00', 1),
(545, 802, '14:00:00', 1),
(546, 802, '14:35:00', 1),
(547, 802, '15:45:00', 1),
(548, 801, '05:35:00', 1),
(549, 801, '06:35:00', 1),
(550, 801, '13:30:00', 1),
(551, 801, '14:05:00', 1),
(552, 801, '15:15:00', 1),
(553, 801, '16:15:00', 1),
(554, 841, '08:35:00', 1),
(555, 841, '09:30:00', 1),
(556, 841, '10:30:00', 1),
(557, 841, '11:30:00', 1),
(558, 841, '12:30:00', 1),
(559, 841, '17:15:00', 1),
(560, 841, '18:30:00', 1),
(561, 841, '19:30:00', 1),
(562, 841, '05:30:00', 2),
(563, 841, '06:10:00', 2),
(564, 841, '07:10:00', 2),
(565, 841, '08:50:00', 2),
(566, 841, '09:50:00', 2),
(567, 841, '10:50:00', 2),
(568, 841, '11:50:00', 2),
(569, 841, '12:50:00', 2),
(570, 841, '13:50:00', 2),
(571, 841, '14:50:00', 2),
(572, 841, '15:50:00', 2),
(573, 841, '16:50:00', 2),
(574, 841, '17:50:00', 2),
(575, 841, '18:50:00', 2),
(576, 841, '19:50:00', 2),
(577, 841, '20:50:00', 2),
(578, 842, '08:05:00', 1),
(579, 842, '09:00:00', 1),
(580, 842, '10:00:00', 1),
(581, 842, '11:00:00', 1),
(582, 842, '12:00:00', 1),
(583, 842, '16:45:00', 1),
(584, 842, '18:00:00', 1),
(585, 842, '19:00:00', 1),
(586, 842, '20:00:00', 1),
(587, 842, '05:50:00', 2),
(588, 842, '06:40:00', 2),
(589, 842, '08:20:00', 2),
(590, 842, '09:20:00', 2),
(591, 842, '10:20:00', 2),
(592, 842, '11:20:00', 2),
(593, 842, '12:20:00', 2),
(594, 842, '13:20:00', 2),
(595, 842, '14:20:00', 2),
(596, 842, '15:20:00', 2),
(597, 842, '16:20:00', 2),
(598, 842, '17:20:00', 2),
(599, 842, '18:20:00', 2),
(600, 842, '19:20:00', 2),
(601, 842, '20:20:00', 2),
(602, 1601, '04:45:00', 1),
(603, 1601, '05:00:00', 1),
(604, 1601, '05:15:00', 1),
(605, 1601, '05:35:00', 1),
(606, 1601, '05:55:00', 1),
(607, 1601, '06:15:00', 1),
(608, 1601, '06:35:00', 1),
(609, 1601, '06:55:00', 1),
(610, 1601, '07:15:00', 1),
(611, 1601, '07:35:00', 1),
(612, 1601, '07:55:00', 1),
(613, 1601, '08:15:00', 1),
(614, 1601, '08:45:00', 1),
(615, 1601, '09:15:00', 1),
(616, 1601, '09:45:00', 1),
(617, 1601, '10:15:00', 1),
(618, 1601, '10:45:00', 1),
(619, 1601, '11:15:00', 1),
(620, 1601, '11:35:00', 1),
(621, 1601, '11:55:00', 1),
(622, 1601, '12:15:00', 1),
(623, 1601, '12:35:00', 1),
(624, 1601, '12:55:00', 1),
(625, 1601, '13:15:00', 1),
(626, 1601, '13:35:00', 1),
(627, 1601, '14:00:00', 1),
(628, 1601, '14:15:00', 1),
(629, 1601, '14:35:00', 1),
(630, 1601, '15:05:00', 1),
(631, 1601, '15:30:00', 1),
(632, 1601, '16:00:00', 1),
(633, 1601, '16:30:00', 1),
(634, 1601, '17:00:00', 1),
(635, 1601, '17:30:00', 1),
(636, 1601, '18:00:00', 1),
(637, 1601, '18:30:00', 1),
(638, 1601, '19:00:00', 1),
(639, 1601, '19:30:00', 1),
(640, 1601, '20:00:00', 1),
(641, 1601, '20:25:00', 1),
(642, 1601, '20:55:00', 1),
(643, 1601, '21:40:00', 1),
(644, 1601, '22:15:00', 1),
(645, 1601, '04:45:00', 2),
(646, 1601, '05:00:00', 2),
(647, 1601, '05:30:00', 2),
(648, 1601, '06:10:00', 2),
(649, 1601, '06:40:00', 2),
(650, 1601, '07:20:00', 2),
(651, 1601, '07:50:00', 2),
(652, 1601, '08:20:00', 2),
(653, 1601, '08:50:00', 2),
(654, 1601, '09:20:00', 2),
(655, 1601, '09:50:00', 2),
(656, 1601, '10:20:00', 2),
(657, 1601, '10:50:00', 2),
(658, 1601, '11:20:00', 2),
(659, 1601, '11:50:00', 2),
(660, 1601, '12:20:00', 2),
(661, 1601, '12:50:00', 2),
(662, 1601, '13:20:00', 2),
(663, 1601, '13:50:00', 2),
(664, 1601, '14:20:00', 2),
(665, 1601, '14:50:00', 2),
(666, 1601, '15:20:00', 2),
(667, 1601, '15:50:00', 2),
(668, 1601, '16:20:00', 2),
(669, 1601, '16:50:00', 2),
(670, 1601, '17:20:00', 2),
(671, 1601, '17:50:00', 2),
(672, 1601, '18:20:00', 2),
(673, 1601, '18:50:00', 2),
(674, 1601, '19:20:00', 2),
(675, 1601, '19:50:00', 2),
(676, 1601, '20:20:00', 2),
(677, 1601, '21:05:00', 2),
(678, 1601, '22:15:00', 2),
(679, 1602, '05:05:00', 1),
(680, 1602, '05:35:00', 1),
(681, 1602, '05:55:00', 1),
(682, 1602, '06:15:00', 1),
(683, 1602, '06:35:00', 1),
(684, 1602, '06:55:00', 1),
(685, 1602, '07:15:00', 1),
(686, 1602, '07:35:00', 1),
(687, 1602, '07:55:00', 1),
(688, 1602, '08:15:00', 1),
(689, 1602, '08:35:00', 1),
(690, 1602, '09:00:00', 1),
(691, 1602, '09:30:00', 1),
(692, 1602, '10:00:00', 1),
(693, 1602, '10:30:00', 1),
(694, 1602, '11:00:00', 1),
(695, 1602, '11:30:00', 1),
(696, 1602, '11:55:00', 1),
(697, 1602, '12:15:00', 1),
(698, 1602, '12:35:00', 1),
(699, 1602, '12:55:00', 1),
(700, 1602, '13:15:00', 1),
(701, 1602, '13:35:00', 1),
(702, 1602, '14:05:00', 1),
(703, 1602, '14:15:00', 1),
(704, 1602, '14:35:00', 1),
(705, 1602, '15:05:00', 1),
(706, 1602, '15:15:00', 1),
(707, 1602, '15:35:00', 1),
(708, 1602, '16:10:00', 1),
(709, 1602, '16:45:00', 1),
(710, 1602, '17:15:00', 1),
(711, 1602, '17:45:00', 1),
(712, 1602, '18:15:00', 1),
(713, 1602, '18:45:00', 1),
(714, 1602, '19:15:00', 1),
(715, 1602, '19:45:00', 1),
(716, 1602, '20:15:00', 1),
(717, 1602, '20:45:00', 1),
(718, 1602, '21:00:00', 1),
(719, 1602, '21:25:00', 1),
(720, 1602, '22:15:00', 1),
(721, 1602, '22:50:00', 1),
(722, 1602, '05:05:00', 2),
(723, 1602, '05:45:00', 2),
(724, 1602, '06:10:00', 2),
(725, 1602, '06:55:00', 2),
(726, 1602, '07:25:00', 2),
(727, 1602, '08:05:00', 2),
(728, 1602, '08:35:00', 2),
(729, 1602, '09:05:00', 2),
(730, 1602, '09:35:00', 2),
(731, 1602, '10:05:00', 2),
(732, 1602, '10:35:00', 2),
(733, 1602, '11:05:00', 2),
(734, 1602, '11:35:00', 2),
(735, 1602, '12:05:00', 2),
(736, 1602, '12:35:00', 2),
(737, 1602, '13:05:00', 2),
(738, 1602, '13:35:00', 2),
(739, 1602, '14:05:00', 2),
(740, 1602, '14:35:00', 2),
(741, 1602, '15:05:00', 2),
(742, 1602, '15:35:00', 2),
(743, 1602, '16:05:00', 2),
(744, 1602, '16:35:00', 2),
(745, 1602, '17:05:00', 2),
(746, 1602, '17:35:00', 2),
(747, 1602, '18:05:00', 2),
(748, 1602, '18:35:00', 2),
(749, 1602, '19:05:00', 2),
(750, 1602, '19:35:00', 2),
(751, 1602, '20:05:00', 2),
(752, 1602, '20:35:00', 2),
(753, 1602, '21:05:00', 2),
(754, 1602, '22:15:00', 2),
(755, 1602, '22:45:00', 2),
(756, 2202, '04:40:00', 1),
(757, 2202, '05:25:00', 1),
(758, 2202, '05:50:00', 1),
(759, 2202, '06:25:00', 1),
(760, 2202, '07:30:00', 1),
(761, 2202, '08:25:00', 1),
(762, 2202, '09:25:00', 1),
(763, 2202, '10:30:00', 1),
(764, 2202, '11:30:00', 1),
(765, 2202, '12:20:00', 1),
(766, 2202, '13:30:00', 1),
(767, 2202, '14:10:00', 1),
(768, 2202, '14:35:00', 1),
(769, 2202, '15:35:00', 1),
(770, 2202, '16:40:00', 1),
(771, 2202, '18:45:00', 1),
(772, 2202, '20:10:00', 1),
(773, 2202, '21:10:00', 1),
(774, 2202, '22:30:00', 1),
(775, 2202, '04:40:00', 2),
(776, 2202, '05:25:00', 2),
(777, 2202, '06:25:00', 2),
(778, 2202, '07:30:00', 2),
(779, 2202, '09:25:00', 2),
(780, 2202, '11:25:00', 2),
(781, 2202, '12:30:00', 2),
(782, 2202, '14:35:00', 2),
(783, 2202, '16:35:00', 2),
(784, 2202, '18:25:00', 2),
(785, 2202, '20:10:00', 2),
(786, 2202, '21:10:00', 2),
(787, 2202, '22:30:00', 2),
(788, 2201, '05:05:00', 1),
(789, 2201, '05:55:00', 1),
(790, 2201, '06:25:00', 1),
(791, 2201, '06:55:00', 1),
(792, 2201, '08:05:00', 1),
(793, 2201, '08:55:00', 1),
(794, 2201, '10:00:00', 1),
(795, 2201, '11:00:00', 1),
(796, 2201, '12:05:00', 1),
(797, 2201, '12:55:00', 1),
(798, 2201, '14:00:00', 1),
(799, 2201, '14:45:00', 1),
(800, 2201, '15:05:00', 1),
(801, 2201, '16:05:00', 1),
(802, 2201, '17:15:00', 1),
(803, 2201, '19:15:00', 1),
(804, 2201, '20:45:00', 1),
(805, 2201, '21:40:00', 1),
(806, 2201, '22:50:00', 1),
(807, 2201, '05:10:00', 2),
(808, 2201, '05:55:00', 2),
(809, 2201, '06:55:00', 2),
(810, 2201, '08:05:00', 2),
(811, 2201, '10:00:00', 2),
(812, 2201, '12:00:00', 2),
(813, 2201, '13:00:00', 2),
(814, 2201, '15:10:00', 2),
(815, 2201, '17:15:00', 2),
(816, 2201, '19:00:00', 2),
(817, 2201, '20:40:00', 2),
(818, 2201, '21:40:00', 2),
(819, 2201, '22:50:00', 2);

-- --------------------------------------------------------

--
-- Table structure for table `busspecialdate`
--

CREATE TABLE IF NOT EXISTS `busspecialdate` (
  `ID_Special` int(11) NOT NULL AUTO_INCREMENT,
  `Sp_Date` date NOT NULL,
  `Sp_DayType` int(11) NOT NULL,
  PRIMARY KEY (`ID_Special`)
) ENGINE=InnoD AUTO_INCREMENT=1 ;

-- --------------------------------------------------------

--
-- Table structure for table `busstops`
--

CREATE TABLE IF NOT EXISTS `busstops` (
  `ID_Stop` int(11) NOT NULL AUTO_INCREMENT,
  `Stop_Name` varchar(60) CHARACTER SET utf8 COLLATE utf8_unicode_ci NOT NULL,
  `Stop_Active` int(11) DEFAULT '1',
  PRIMARY KEY (`ID_Stop`)
) ENGINE=InnoDB AUTO_INCREMENT=14116 ;

--
-- Dumping data for table `busstops`
--

INSERT INTO `busstops` (`ID_Stop`, `Stop_Name`, `Stop_Active`) VALUES
(9000, 'Subotica, A.S.', 1),
(9101, 'Kelebija Opština', 1),
(9102, 'Veliki Progon', 1),
(9103, 'Zorka okretište', 1),
(9104, 'Zorka', 1),
(9105, 'Zorka Pruga', 1),
(9106, 'O.Š. Sečenji Ištvan ', 1),
(9107, 'Zdravstvena stanica', 1),
(9108, 'Sadecki', 1),
(9109, 'Preradovićeva', 1),
(9111, 'Sinagoga', 1),
(9112, 'Arsenija Čarnojevića', 1),
(9113, 'Higijenski zavod', 1),
(9114, 'Jadran  ', 1),
(9115, 'MEŠC', 1),
(9116, 'Autobuska stanica', 1),
(9117, 'Dinamotrans', 1),
(9118, 'Senćansko groblje', 1),
(9119, 'Bajnatska I', 1),
(9120, 'Bajnatska II', 1),
(9121, 'Bolnica I', 1),
(9122, 'Pačirski put', 1),
(9123, 'Dušana Krnajskog ', 1),
(9124, 'Novo Naselje, Pijaca', 1),
(9125, 'Josipa Lihta', 1),
(9126, 'Josipa Šokčića', 1),
(9127, 'Petra Horvatskog', 1),
(9128, 'Novo Naselje okretište', 1),
(9201, 'Široki progon', 1),
(9202, 'Ganjo šor', 1),
(9203, 'Dr Ferenca Bodrogvarija', 1),
(9204, 'Prodavnica Farex', 1),
(9205, 'Zorkina', 1),
(9206, 'Padejska', 1),
(9207, 'Drvara Subotica', 1),
(9208, 'Somborska', 1),
(9209, 'Bazeni', 1),
(9210, 'Dudova šuma- Groblje', 1),
(9211, 'Hala sportova', 1),
(9212, 'Samoposluga br.23', 1),
(9223, 'Pačirski put EV-PRO', 1),
(9301, 'Makova sedmica', 1),
(9302, 'Slovinov put', 1),
(9303, 'MZ Graničar', 1),
(9304, 'Oficirski stanovi', 1),
(9305, 'Krivina I', 1),
(9306, 'Krivina II', 1),
(9307, 'Kolar', 1),
(9308, 'O.Š. Majšanski put', 1),
(9309, 'Skrob', 1),
(9310, 'Željezničar', 1),
(9311, 'Radio Subotica', 1),
(9312, 'Patrija ', 1),
(9314, 'Matije Gubca', 1),
(9317, 'Sadecki, Bajski Put', 1),
(9318, 'O.Š. Đuro Salaj', 1),
(9319, 'Drvara R', 1),
(9320, 'Bajski put, Dom', 1),
(9321, 'Jasenovačka', 1),
(9322, 'Bunar', 1),
(9323, 'Bajski put', 1),
(9401, 'Veliki Radanovac Okretište', 1),
(9402, 'Rasadnik', 1),
(9403, 'Kestenova', 1),
(9404, 'Peščarin voćnjak', 1),
(9405, 'Vrtna stanica', 1),
(9406, 'Beli Golub', 1),
(9407, 'Palmina', 1),
(9408, 'Veliki Radanovac MZ', 1),
(9409, 'Trgopromet', 1),
(9501, 'Teslino naselje, Kružni tok', 1),
(9502, 'Radnoti Mikloša', 1),
(9503, 'Teslino naselje, Pijaca', 1),
(9504, 'SUT', 1),
(9510, 'Politehnička škola', 1),
(9511, 'Vatrogasci', 1),
(9512, 'Kerska crkva', 1),
(9513, 'Prozivka', 1),
(9514, 'Masloš', 1),
(9515, 'Bolnica II', 1),
(9516, 'Veterinarski zavod', 1),
(9517, 'Aleksandrovo, Peščara', 1),
(9518, 'Aleksandrovo, Groblje', 1),
(9519, 'Aleksandrovo okretište', 1),
(9598, 'Crveno Selo 2', 1),
(9599, 'Crveno Selo 1', 1),
(9600, 'Mali Bajmok', 1),
(9601, 'Mali Bajmok, Swarovski', 1),
(9602, 'Calzedonia', 1),
(9603, 'Dunkermotoren', 1),
(9604, 'Batinska ', 1),
(9605, 'Mali Bajmok', 1),
(9606, 'Mali Bajmok, Dom', 1),
(9607, 'Slavica', 1),
(9608, 'Gajeva', 1),
(9609, 'Drvena ambulanta', 1),
(9610, 'Sarvaš', 1),
(9611, 'Lifka', 1),
(9612, 'Pošta I', 1),
(9613, 'Nova opština', 1),
(9614, 'Teretna stanica', 1),
(9615, 'SUP', 1),
(9616, 'Partizan', 1),
(9617, 'Subotica-trans', 1),
(9618, 'Aurometal', 1),
(9619, 'Roda', 1),
(9620, 'II Kasarna', 1),
(9621, 'Radanovac', 1),
(9622, 'Palić, Benzinska pumpa', 1),
(9623, 'ZOO vrt', 1),
(9624, 'Palić, Toranj ', 1),
(9625, 'Palić, Centar', 1),
(9626, 'Palić, Lovranska', 1),
(9627, 'Palić, Štrand', 1),
(9628, 'Palić, Vikend naselje', 1),
(9662, 'Partizanska  ', 1),
(9663, 'Rogaška', 1),
(9664, 'Ružina ', 1),
(9665, 'Josipa Kolumba', 1),
(9666, 'Marija Bursać', 1),
(9667, 'Palić naselje, Pulska', 1),
(9668, 'Orban Falva', 1),
(9669, 'Košut Lajoša', 1),
(9670, 'O.Š. Miroslav Antić', 1),
(9680, 'Siemens', 1),
(9801, 'Đerđa Lukača', 1),
(9802, 'Jovana Mikića 263', 1),
(9803, 'Jovana Mikića 196', 1),
(9804, 'Višnjička', 1),
(9805, 'Željezničko naselje ', 1),
(9806, 'Pruga', 1),
(9807, 'Gubo Đar', 1),
(9814, 'Bife Gat', 1),
(9815, 'Kersko groblje', 1),
(9816, 'Berber Milan', 1),
(9817, 'Obdanište Ker', 1),
(9818, 'Kolevka', 1),
(9822, 'Plate Dobrijevića I', 1),
(9823, 'Plate Dobrijevića II', 1),
(9921, 'Čedina ćoša', 1),
(9922, 'Šumski put', 1),
(9923, 'Rasadnik', 1),
(9924, 'Kelebija- Crkva', 1),
(9925, 'Kelebija- Dom', 1),
(9926, 'Prodavnica', 1),
(9927, 'Alpis', 1),
(9928, 'Kelebija-Granica', 1),
(9991, 'Sever', 1),
(11901, 'Agrokombinat Verušić', 1),
(11902, 'Rada, Subotica', 1),
(11903, 'Boda, Mikićevo', 1),
(11904, 'Mikićevo, R', 1),
(11905, 'Brnićevi Salaši', 1),
(11906, 'Monika', 1),
(11907, 'Špiritana', 1),
(11908, 'Stari Žednik', 1),
(11909, 'Stari Žednik, Groblje', 1),
(11910, 'Novi Žednik, Salaši', 1),
(11911, 'Novi Žednik', 1),
(11912, 'Novi Žednik, Železnička stanica', 1),
(11913, 'Novi Žednik, Crkva', 1),
(11941, 'Čerepeš I', 1),
(11942, 'Pećina, Čerepeš', 1),
(11943, 'Čerepeš, Okretište', 1),
(12001, 'Bratstvo', 1),
(12002, 'Stanica 5 Križ', 1),
(12003, 'Stanica 6 Dalekovod', 1),
(12004, 'Trafo Bikovački put', 1),
(12005, 'Lamić Škola', 1),
(12006, 'Vilovjev Salaš', 1),
(12007, 'Bikovo, Dom', 1),
(12008, 'Bikovo', 1),
(12301, 'Čantavir, Salaši', 1),
(12302, 'Čantavir, Čingago', 1),
(12303, 'Čantavir, Železnička stanica', 1),
(12304, 'Čantavir, Mlin', 1),
(12305, 'Čantavir, Centar', 1),
(12306, 'Čantavir, Kafana Bg', 1),
(12307, 'Čantavir, Krupara', 1),
(12308, 'Dušanovo, Bunar', 1),
(12309, 'Dušanovo', 1),
(12501, 'Fidelinka, Subotica', 1),
(12502, 'Bosanski Salaš', 1),
(12503, 'Joka Salaš', 1),
(12504, 'Vagon, Subotica', 1),
(12505, 'Aerodrom, Subotica', 1),
(12506, 'Peščara, Subotica', 1),
(12507, 'Azotara, Subotica', 1),
(12508, 'Verušić', 1),
(12509, 'Solarna Kuća', 1),
(12510, 'Nada', 1),
(12511, 'Klisa', 1),
(12512, 'Višnjevac, Salaši', 1),
(12513, 'Višnjevac', 1),
(12514, 'Čantavir, Silos', 1),
(12550, 'Integral,Subotica', 1),
(12601, 'Čik Salaš', 1),
(12602, 'Franciškov Šor', 1),
(12603, 'Mala Bosna 1', 1),
(12604, 'Mala Bosna, Centar', 1),
(12605, 'Mala Bosna 2', 1),
(12606, 'Stipić Salaš R', 1),
(12607, 'Tavankut, R', 1),
(12608, 'Kaponja', 1),
(12609, 'Skenderevo, R', 1),
(12610, 'Mišićevo', 1),
(12611, 'Mišićevo farma', 1),
(12612, 'Bajmok, Kalvarija', 1),
(12613, 'Bajmok, Centar', 1),
(12614, 'Bajmok, Borac', 1),
(12615, 'Bajmok, Železnička stanica', 1),
(12616, 'Bajmok, Rata', 1),
(12701, 'Dušanovo, Salaši', 1),
(12702, 'Tornjoš, Ekonomija', 1),
(12703, 'Tornjoš, Centar', 1),
(12801, 'Čikerija R', 1),
(12802, 'Mala Baja I', 1),
(12803, 'Rukavina Salaš', 1),
(12804, 'Mala Baja II', 1),
(12805, 'Ljutovo, Zadruga', 1),
(12806, 'Ljutovo', 1),
(12807, 'Dupla Krivina', 1),
(12808, 'Dikanovac', 1),
(12809, 'Donji Tavankut', 1),
(12810, 'Tavankut, škola', 1),
(12811, 'Marinkić Šor', 1),
(12812, 'G. Tavankut, Raskrsnica', 1),
(12813, 'Matić stanica', 1),
(12814, 'G. Tavankut, Spajić', 1),
(12815, 'G. Tavankut, Karaula', 1),
(12821, 'G. Tavankut, Dudaš', 1),
(12822, 'Lebović kraj 1536', 1),
(12823, 'Gornji Tavankut', 1),
(12841, 'Tumbas Mira', 1),
(12842, 'D. Tavankut, Jukom', 1),
(12843, 'D. Tavankut, Sajc', 1),
(13001, 'Sivački put', 1),
(13002, 'Mala Pešta', 1),
(13003, 'Đurđin, Marcikić Ćoša', 1),
(13004, 'Đurđin, Silos', 1),
(13005, 'Đurđin, Centar', 1),
(13006, 'Đurđin, Škola', 1),
(13007, 'Đurđin, Lazina kuća', 1),
(13008, 'Đurđin, Uprava', 1),
(13009, 'Đurđin, Mala Stanica', 1),
(13029, 'Mišićevo, R', 1),
(13031, 'Šokčić Škola', 1),
(13032, 'Hegina Ćoša', 1),
(13033, 'Đurđin, III Uprava', 1),
(13034, 'Đurđin, Dulić', 1),
(14101, 'Šamuka', 1),
(14102, 'Šupljak, Nadvožnjak', 1),
(14103, 'Šupljak, Mesna Zajednica', 1),
(14104, 'Šupljak, Kulski put', 1),
(14105, 'Šupljak, Furioso', 1),
(14106, 'Šupljak, Raskrsnica', 1),
(14107, 'Halomi Šor, Škola', 1),
(14108, 'Ludoški Šor 19', 1),
(14109, 'Ludoški Šor 61', 1),
(14110, 'Ludoš, Crkva', 1),
(14111, 'Ludoški Šor', 1),
(14112, 'Guljaš Čarda', 1),
(14113, 'Šupljak, Tabla', 1),
(14114, 'Šarena ograda, Palić', 1),
(14115, 'Abraham, Palić', 1);

-- --------------------------------------------------------

--
-- Table structure for table `favouritelines`
--

CREATE TABLE IF NOT EXISTS `favouritelines` (
  `ID_FavLine` int(11) NOT NULL AUTO_INCREMENT,
  `ID_User` int(11) NOT NULL,
  `ID_Line` int(11) NOT NULL,
  PRIMARY KEY (`ID_FavLine`)
) ENGINE=InnoDB AUTO_INCREMENT=2 ;

--
-- Dumping data for table `favouritelines`
--

INSERT INTO `favouritelines` (`ID_FavLine`, `ID_User`, `ID_Line`) VALUES
(1, 2, 4);

-- --------------------------------------------------------

--
-- Table structure for table `favouritelinestop`
--

CREATE TABLE IF NOT EXISTS `favouritelinestop` (
  `ID_FavLineStop` int(11) NOT NULL AUTO_INCREMENT,
  `ID_User` int(11) NOT NULL,
  `ID_Line` int(11) NOT NULL,
  `ID_Stop` int(11) NOT NULL,
  `Line_Direction` int(11) NOT NULL,
  PRIMARY KEY (`ID_FavLineStop`)
) ENGINE=InnoD AUTO_INCREMENT=1 ;

-- --------------------------------------------------------

--
-- Table structure for table `favouritestops`
--

CREATE TABLE IF NOT EXISTS `favouritestops` (
  `ID_FavStop` int(11) NOT NULL AUTO_INCREMENT,
  `ID_User` int(11) NOT NULL,
  `ID_Stop` int(11) NOT NULL,
  PRIMARY KEY (`ID_FavStop`)
) ENGINE=InnoDB AUTO_INCREMENT=2 ;

--
-- Dumping data for table `favouritestops`
--

INSERT INTO `favouritestops` (`ID_FavStop`, `ID_User`, `ID_Stop`) VALUES
(1, 2, 9102);

-- --------------------------------------------------------

--
-- Table structure for table `taxicompanies`
--

CREATE TABLE IF NOT EXISTS `taxicompanies` (
  `ID_Taxi` int(11) NOT NULL AUTO_INCREMENT,
  `Taxi_Name` varchar(50) NOT NULL,
  `Taxi_Description` varchar(255) DEFAULT NULL,
  `GPS_Stop_1` varchar(70) DEFAULT NULL,
  `GPS_Stop_2` varchar(70) DEFAULT NULL,
  `Address_Ln1` varchar(70) NOT NULL,
  `Address_Ln2` varchar(70) NOT NULL,
  `Telephone_1` varchar(20) NOT NULL,
  `Telephone_2` varchar(20) DEFAULT NULL,
  `Logo_Image` varchar(70) DEFAULT NULL,
  PRIMARY KEY (`ID_Taxi`)
) ENGINE=InnoD AUTO_INCREMENT=1 ;

-- --------------------------------------------------------

--
-- Table structure for table `users`
--

CREATE TABLE IF NOT EXISTS `users` (
  `ID_User` int(11) NOT NULL AUTO_INCREMENT,
  `Username` varchar(30) NOT NULL,
  `Password` varchar(50) NOT NULL,
  `Email` varchar(50) NOT NULL,
  `DateRegistered` timestamp NOT NULL,
  `IsActive` int(11) NOT NULL DEFAULT '0',
  `User_Description` varchar(200) DEFAULT NULL,
  `IsAdmin` int(11) NOT NULL DEFAULT '0',
  `IsModerator` int(11) NOT NULL DEFAULT '0',
  `UserAvatar` varchar(60) NOT NULL,
  PRIMARY KEY (`ID_User`)
) ENGINE=InnoDB AUTO_INCREMENT=3 ;

--
-- Dumping data for table `users`
--

INSERT INTO `users` (`ID_User`, `Username`, `Password`, `Email`, `DateRegistered`, `IsActive`, `User_Description`, `IsAdmin`, `IsModerator`, `UserAvatar`) VALUES
(1, 'proba', 'proba', 'proba', '0000-00-00 00:00:00', 0, NULL, 0, 0, ''),
(2, 'proba', 'c0a8e1e5e307cc5b33819b387b5f01fd', 'proba@probamail.com', '0000-00-00 00:00:00', 0, NULL, 0, 0, '');

/*!40101 SET CHARACTER_SET_CLIENT=@OLD_CHARACTER_SET_CLIENT */;
/*!40101 SET CHARACTER_SET_RESULTS=@OLD_CHARACTER_SET_RESULTS */;
/*!40101 SET COLLATION_CONNECTION=@OLD_COLLATION_CONNECTION */;
